【  Yukikaki  by @WORDS_SCRAPER is licensed under a Creative Commons Attribution 4.0 International License.】【ctrl+↓で下に行けるぞ！】 【Feel free to use!】 NYタイムズ国際版（＝NYT）とかネット記事とかアニメを見て自分がわからなかった単語を書いている 数学のテキスト＝Fundamental Methods of Mathematical Economics、口、俗、話の区別はあまり厳密ではない,,,
vigilance,用心、警戒,TOEFL,
pretext,口実、理由,TOEFL,NYタイムズ、この展覧会の経緯（＝pretext）は実務的なもので（元々のスペースの改修）〜
caucus,党員集会,TOEFL,
ingratiate,気に入られるようにする,TOEFL,
opening,（地位・職）欠員、空き,TOEIC,
janitor,用務員,TOEIC,
sabbatical,研究休暇,TOEIC,
RSVP,折返し返事されたし,TOEIC,
Just in case.,念のため,スパイダーマンのトレイラー,
raffle,宝くじ,TOEIC,
roster,名簿,TOEIC,
upshot,結果、結論,TOEFL,
contrition,悔恨,TOEFL,
trolling,（ネットの）荒らし,ネット記事,
extend an invitation,招待状を差し出す,TOEIC,
stint,出し惜しみする,TOEFL,
gullible,だまされやすい,TOEFL,
ductile,延性のある、従順な,TOEFL,
hiatus,隙間、中断,TOEFL,
juxtapose,並べる（対比するように）,TOEFL,
disembowel,の内臓を抜き出す,TOEFL,
portend,～の前兆となる,TOEFL,
virtuoso,巨匠、大家,TOEFL,
contention,論争、主張,TOEFL,
interim,臨時の,TOEIC,
edifice,大建築物,TOEFL,
stratum,層,TOEFL,
stratify,層にする、階層化する,TOEFL,
incandescent,白熱の、白熱光を発する,TOEFL,
sedation,鎮静作用,ネット記事,飲酒で眠くなるのは睡眠じゃなくて鎮静作用～
complimentary,賞賛する、無料の,TOEIC,
impel,推進する,TOEFL,
saturated,しみこんだ、ずぶ濡れの,TOEFL,
pie in the sky,絵空事,TOEFL,
trepidation,戦慄、恐怖,TOEFL,
Effective the next month~,来月から～が施行される,TOEIC,
pantry,食料貯蔵庫,TOEIC,
vendor,販売会社,TOEIC,
truce,休戦、中断,NYT,
minute,議事録,TOEIC,
burglar,強盗,授業,
decimal,十進法の,TOEFL,
countenance,1.顔つき 、　2.～を支持する、賛同する（動詞）,NYT,
profile,横顔,,
report,（直属の）部下,TOEIC,
conundrum,なぞ、難問,twitter,「おおかみこども」でも元気すぎる彼女の子育ては難問でした～って感じで使われていた
shingle,屋根板,,
dereliction,放棄,,
faucet,蛇口,TOEIC,
brochure,パンフレット,TOEIC,
myopic,近視の,,
produce,農産物,TOEIC,
eponymous,その名前のもとになった,ネット記事,
radiant,光を放つ、晴れやかな,TOEFL,
promptly,（時間に）きっかり,TOEIC,
trailblazing,先駆的な,TOEFL,
sanguine,快活な,TOEFL,
preposterous,バカげた、不合理な,TOEFL,
ignominious,不名誉な,TOEFL,
furtive,こっそりと,TOEFL,
mordant,辛辣な、皮肉な,TOEFL,
emissary,使者、密使,TOEFL,
recess,（海岸線など）地形の引っ込んだところ,TOEFL,
nomenclature,命名法,TOEFL,
wanton,理不尽な,TOEFL,
flippant,軽薄な,TOEFL,
globule,小滴,TOEFL,
biannual,半年の,TOEFL,
delectable,楽しい、美味な,TOEFL,
unwieldy,手に負えない,TOEFL,
stench,嫌な臭い,TOEFL,
bigwig,お偉方,TOEFL,
malleable,可鍛性の、順応性のある,TOEFL,
outlandish,奇怪な,TOEFL,
imbibe,（酒などを）飲む,TOEFL,
paragon,模範,TOEFL,
business,店舗,TOEIC,
casualty,死者,,
gauge,測定する（読み注意）,Youtube,
blackmail,脅迫,TENET,
protagonist,主人公,TENET,
hodgepodge,ごたまぜ,VOX,
per se,それ自体（読み注意）,VOX,
snug,心地よい、サイズがぴったり合う,三者三葉,ピッチリしたサイズのメイド服～、AppleWatchのレビュー中にソロループのサイズ感の文脈でも
vanity,うぬぼれ、見栄,VOX,
plethora,過剰、多くの,ネット記事,
caveat,警告、但し書き,ネット記事,
dead-on,完璧に正しい、どんぴしゃ,NYT,
win in a landslide,圧勝する,ネット記事,
heretic,異端者,とある魔術の禁書目録,
measured,慎重な、考慮した,NYT,
vestigial,痕跡の、名残の,VOX,
"Meet~,",～を紹介します、こちら～です（ニュース番組で）,授業,
primordial,原始の、基本の,,
mint,ハッカ、貨幣造幣局,論文,ビットコインの論文にあった
breakeven,収支トントン,論文,ビットコインの論文にあった
pall,つまらなくなる、興味を失わせる,VOX,自然ドキュメンタリーにおいてストーリー性もないとつまらないよねって文脈
obituary,死亡記事,ネット記事,
top-notch,一流の,ネット記事,
bipartisan,超党派の,NYT,中国に対して、民主共和両党の超党派が~の文脈
holistic,全体論的な,ネット記事,
betray a lack of understanding of,～についての無理解をさらけ出す,NYT,
never tire of ~ing,～してばかりいる,NYT,
bespoke,オーダーメードの,NYT,
at a good clip,すばやく,NYT,
spleen,不機嫌,NYT,
callousness,冷淡さ,NYT,
maintain a veneer of normalcy,平静を装う,NYT,
verdant,新緑の,NYT,
sought-after,引っ張りだこの,ネット記事,バベルの塔は最も人気で引っ張りだこの主題だという記事
couldn't have been worse,最悪だった,NYT,
none other than ~,他ならぬ,NYT,
be on the back back burner,は後回しである,NYT,
cash in on ~,～を利用する、あやかる,ネット記事,画家が絵の人気にあやかって、コピーを複数制作した文脈
boondoggle,価値のない仕事,ネット記事,ITER計画についての記事中の反対意見
coveted,切望された,NYT,
populace,大衆,NYT,
have since 過去分詞,その後、～して,NYT,
egregious,ひどい,論文,
ne'er-do-well,ろくでなし,NYT,
hone,（能力などに）磨きをかける,NYT,
cinch,容易いこと,NYT,
hit or miss,一か八か、あてずっぽうで,NYT,
a cherry on top,おまけ,NYT,
runner-up,2位、次点,サマーウォーズ,サマーウォーズ中の数学オリンピック日本代表次点の設定でこれが使われていた
err on the side of safety,安全な方に間違える≒慎重になる,NYT,
on top of that,それに加えて,NYT,
annex,併合する、別館（名詞）,NYT,
dappled,まだらの,NYT,
corollary,当然の結果、帰結,NYT,
reams of ~,たくさんの（紙、研究、情報）,NYT,
almost certainly,ほぼ確実に,NYT,
stochastic,確率論的な,授業,
onus,義務、責任,NYT,
modicum,少量,NYT,
epithet,形容語句、あだ名,NYT,
penury,貧乏,NYT,
truism,自明の理、わかりきったこと,NYT,
cohort,群,NYT,
immaterial,重要でない,NYT,
pertain,関係する,数学のテキスト,
en masse,ひとまとめに、集団で,数学のテキスト,
to the effect that,という趣旨の,数学のテキスト,
hitherto,これまで,数学のテキスト,
by the same token,同様に,数学のテキスト,
cremation,火葬,NYT,
gasp for air,苦しそうに喘ぐ,NYT,
N.B.,よく注意せよ,数学のテキスト,
through and through,徹底的に,デスストランディング,
Xenophobia,外国人嫌い,NYT,
profane,冒涜する、世俗の,NYT,
revamp,改造する、改善する,NYT,
aggrandize,拡大する、誇張する,NYT,
incarcerate,監禁する,NYT,
in vitro fertilization,体外受精,NYT,
vasectomy,パイプカット,NYT,
ensconce,落ち着く、座る、隠れる,NYT,
saving grace,（欠点を補う）取り柄、悪くない点,数学のテキスト,「この仮定は非現実的であるが、取り柄として計算がシンプルになることが挙げられる」
eavesdropper,盗聴者,NYT,
after a fashion,ある程度は、曲がりなりにも,ネット記事,大きな問題を小さな問題に分割する人間的な思考の特徴が、ある程度は、チップ設計にも当てはまり～
rapporteur,報告者,NYT,
slog through,苦労して取り組む,NYT,
nebulous,漠然とした、星雲の,NYT,
verbiage,言い回し,NYT,大統領のこの言い回しに困惑するが～
cacophonous,耳障りな,NYT,
cant,うわべだけの言葉,NYT,政権側の民主主義を重視する旨の発言について
give someone a run for his money,と張り合う,ネット記事,大谷翔平はベーブルースと張り合っている文脈
mane,たてがみ,NYT,
spigot,蛇口、栓,NYT,
eke,やりくりする,NYT,
vitiate,の価値を下げる、無効にする,NYT,
larynx,喉頭,NYT,
behest,命令、要請,NYT,
whooshing,風の吹くような音を立てて動く,ネット記事,
outfox,裏をかく、出し抜く,,
canonical,標準的な、正典と認められた,数学のテキスト,
surreal,シュールな,,
an apples-to-apples comparison,同じもの同士の比較,,
It's like comparing apples and oranges,それは比較できない,,
abrogate,廃止する,NYT,
albeit,ではあるが、にもかかわらず,数学のテキスト,
germane to～,～と密接な関係がある,数学のテキスト,
backdrop,背景,TOEFL,
self-evident,自明である,数学のテキスト,
proviso,条件、但し書き,数学のテキスト,
impervious,不浸透性の、影響されない,NYT,
tour de force,力技、離れ業,NYT,
duly,正式に、きちんと,数学のテキスト,きちんと計算してみると～
delineate,描写する,,
thereof,その,数学のテキスト,"〇〇, or some variant thereof   〇〇、あるいはその亜種"
podium,表彰台,NYT,
marooned,置き去りにされた,NYT,
look at the glass half full,楽観視する,NYT,経済学者は悲観的に言うだけで楽観視することを知らないの文脈
nil,なし、零,数学のテキスト,
a fortiori,なおさら,数学のテキスト,
household name,誰もが知る名前,ネット記事,
wrap-up,（記事等の）まとめ,ネット記事,
crackdown,(行為自体の)取り締まり,NYT,中国政府がIT分野での取り締まりを強化している～
sheen,光沢,NYT,
so much so that,とても～なので,NYT,
coeval,同年代の,NYT,
tussle,乱闘、格闘,NYT,
qua,～として(as),数学のテキスト,
patina,緑青、古つや,NYT,
hard-liner,強硬派,NYT,
keep~in check,～を阻止する,NYT,
outpost,前哨基地,NYT,
dire,悲惨な、恐ろしい,NYT,
perforce,いやおうなしに、必然的に,数学のテキスト,
wend,行く,NYT,
not to mention,言うまでもなく、加えて,NYT,
ordinate,縦軸,数学のテキスト,
abscissa,横軸,数学のテキスト,
in the vein of,と似たように、同様に,数学のテキスト,
outlay,支出額,授業,
oath,誓い、宣誓,NYT,
parlance,言い回し、業界用語,授業,
hare and tortoise,ウサギと亀,NYT,
kink,ねじれ,授業,グラフがなめらかになっていない、一階微分したらジャンプしてる、ところをそういってた
onerous,面倒な,NYT,
repeal,（法律などを）廃止する,NYT,
rein in,を抑制する,数学のテキスト,
take-home,（給料が）手取りの,授業,
dovetail,ありつぎ(建築用語)、～とつなぎ合わせる（with）,数学のテキスト,
spruce,1.トウヒ(名詞)     2.こぎれいにする、身なりを整える(動詞),NYT,記事では植物として、動詞はアプリのアップデート説明でインターフェースをすっきりする文脈で
fir,モミ,NYT,
in kind,現物で、同種のもので,授業,
Lump-Sum Payment,一括払い金、一時金,授業,
deadbeat,借金を返さない、だらしのない,授業,
in a league by oneself,右に出る者がいない,ネット漫画,鬼滅でin a class of its own 速度はその比じゃないというのが使われていた、禁書でin a league with them 彼らと同じ一派にいるようだなという用法で使われていた
workaround,回避策,ネット記事,
born out of wedlock,未婚の母から生まれた,授業,
child support,養育費,授業,
Habeas Corpus,人身保護令状,NYT,リンカーンの憲法を超越する改革を解説した記事
overcast,(どんよりとした)曇り,授業,晴れの日、曇りの日、雨の日にゴルフ場でプレーするかのサンプルデータ
either–or,二者択一の,,
streamline,合理化する,ネット記事,
get back on one's feet,回復する、再建する,NYT,
grandiose,壮大な,NYT,モスクワの壮大で華麗な駅ホームで、顔認識技術が使われている文脈
ornate,華麗な、凝った装飾の,NYT,
allegation,（裏付けのない）申し立て、主張,NYT,
sordid,道徳に反する(immoral)、汚い,NYT,
tryst,デート、密会（の約束）,NYT,
dossier,(特定の人物、問題の)調査書類,NYT,
dodgy,怪しい、危ない,NYT,
tidbit,"１,一口の上手い食べ物  2,ちょっとした面白いニュース",NYT,
slew of ~,たくさんの,NYT,
pliant,柔軟な、人の言いなりになりやすい,NYT,
open question,未解決の問題,授業,
penultimate,最後から2番目の（≒second  last）,NYT,
hide,獣皮,NYT,違法農場で生産された牛革がアメリカで車シートになっている記事
ostensibly,表向きは,NYT,
a flurry of 〜,相次ぐ、殺到する,NYT,
befall,（悪いことが）に起こる,NYT,
mogul,"権力者,実力者",NYT,COP26が経済界の権力者らにハイジャックされた記事
entreaty,お願い、懇願,NYT,
champion,支持する、擁護する,ネット記事,カナダ出身の科学者によって支持されているこの核融合の方式は＿
prime age,25〜54歳、労働市場において主力となる世代,NYT,
august (abj),権威ある、尊い（アクセント注意）,NYT,フランス語は権威ある機関によって厳しく保護されている～
to no avail,効果はなく,NYT,
with regularity,規則的に、定期的に,NYT,
corral,を囲い込む、集める（〜にinto）,NYT,
cougar,1.ピューマ、2.若い男性と交際したがる中年女性,東京喰種,
run-of-the-mill,ありふれた、平凡な,東京喰種,
wet behind the ears,うぶな、青二才の,東京喰種,
cesspool,汚水溜め、汚れた場所,東京喰種,
cloudburst,驟雨,東京喰種,
lithe,（特に人の体）しなやかな、やわらかい,東京喰種,
supper,夕食,東京喰種,
Orange Osmanthus,金木犀,東京喰種,
decapitation,斬首,鬼滅の刃,
hatchet,手斧,鬼滅の刃,
You're too indecisive,判断が遅い,鬼滅の刃,
wisteria,藤の花,鬼滅の刃,
complexion,顔色,鬼滅の刃,
not much to look at,見てくれが悪い,鬼滅の刃,
I’m flattered,ありがとう,鬼滅の刃,
ointment,軟膏,鬼滅の刃,
crest,1.頂点、2.家紋,鬼滅の刃,波のグラフの高くなってるところ、藤の家紋の屋敷
vile,非常に不快な、卑劣な,三者三葉,
giblet,（ニワトリなどの）臓物、もつ,三者三葉,
sea urchin,うに,三者三葉,
codfish,タラ,三者三葉,
veal,子牛の肉,三者三葉,
chestnut,栗,三者三葉,
almond jelly,杏仁豆腐,三者三葉,
runny egg,半熟卵,三者三葉,
snobby,きざな、お高くとまった,三者三葉,
vicariously,他人の経験を通じて自分のことのように感じる、代理的に,三者三葉,三十代のソノベが女子高生の主人公らに自分を投影する文脈
betrothal,婚約,三者三葉,
magnanimous,（ライバルに対し）寛大な,三者三葉,
floatie,浮き輪,三者三葉,
beach hut,海の家,三者三葉,
unblemished,傷がない、シミのない,三者三葉,
interpretive dance,創作ダンス,三者三葉,
rabid dog,狂犬,三者三葉,
hazmat suit,防護服,三者三葉,
sinfully,罪深く,三者三葉,罰当たりなほどおいしいデザート
smutty,わいせつな、（作品などが）いかがわしい,三者三葉,いかがわしいロマンスみたいな～
despicable,憎しみと軽蔑に値する,三者三葉,
Dibs on ~,～は私の！,三者三葉,ケーキいらないの？じゃ食べちゃお！の文脈
Wambulance,（インターネットスラング）誰かが変なこと言ってるときにに呼ばれる架空の救急車,三者三葉,誰か救急車呼んでーっていうツッコミの文脈
die-hard fan,筋金入りのファン,三者三葉,
be going to pay,後でひどい目に遭う、ただじゃおかない,三者三葉,彼またやったの？タダじゃおかない！の文脈
AWOL,無断欠席 (=absent without official leave),三者三葉,
dismiss,（クラスなどを）解散させる,三者三葉,…文化祭の片付けが終わった人から解散です…
train wreck,大惨事,三者三葉,フタバの食べっぷりが大惨事
from dawn until dusk,朝から晩まで,三者三葉,
deranged,狂った,三者三葉,deranged old hag 狂ったババア
hag,ババア、婆,三者三葉,サマーウォーズ、鬼滅の刃
rite of passage,通過儀礼,三者三葉,
family altar,仏壇,三者三葉,
getup,（変わった、目立つ）服装,三者三葉,あのメイド服着せてくるなら働かない！
That’s sweet,いいね,三者三葉,
miser,ケチな人,三者三葉,
playing pretend,ごっこ遊び,三者三葉,
horoscope,占い,三者三葉,
bummed,がっかりした、落ち込んだ,三者三葉,
dainty,可憐な,三者三葉,
stuff my face,たくさん食べる,三者三葉,
prank,（害をあたえるつもりのない）いたずら,三者三葉,友達同士のいたずら以外に、サマーウォーズでも主人公がハッキングしたという報道がなされたシーンにおいて、動機の解釈としていたずら目的か？とアナウンサーが言ってたときこれが使われていた
bread crusts,パンの耳,三者三葉,
bigotry,頑固な偏見（特に人種差別などの）,NYT,フランス大統領選挙で有力な極右候補がムスリムらへの偏見を振り撒いている文脈
polemicist,論客,NYT,
Antisemitism,反ユダヤ主義,NYT,ムスリムへの攻撃手法はかつて反ユダヤ主義の運動でみられたものと似ている文脈
bode,の前兆となる,NYT,
absolve,無罪を言い渡す、免除する,NYT,
Talk about ~,まさに～だね、なんて～だ！,サマーウォーズ,talk about rich だったらめっちゃ金持ち！、talk about the full lifeだったらまさに長生き！
Renaissance man,ルネサンス的教養人、なんでも完璧にこなす人,サマーウォーズ,主人公が名乗った経歴（名家出身、東大卒、海外経験あり）について
Spinster,独身女性（失礼な響き）,サマーウォーズ,
land (verb),1.着陸する、2.(口語) を得る,サマーウォーズ,I could land myself a husband any time I want! 私はいつでも結婚できるのよ！
gutter,排水溝、雨どい,サマーウォーズ,どこぞ(in some gutter)で死んだかと思ってたよ
minor,未成年,サマーウォーズ,未成年の犯行か?の文脈
tough-as-nails,1.(身体が)頑健な、2.冷酷な,サマーウォーズ,
con artist,ペテン師,サマーウォーズ,
the cat is out of the bag,秘密がバレてしまった,サマーウォーズ,主人公らの嘘がばれた文脈
throw the book at,を厳しく叱る、できる限り罰する,サマーウォーズ,
You betcha.,その通り,サマーウォーズ,
breakneck,危険なほど早いスピードで,サマーウォーズ,
slugfest,1.(野球の)乱打戦、2.(ボクシング)激しい殴り合いの試合,サマーウォーズ,
dentures,入れ歯,サマーウォーズ,
angina,狭心症,サマーウォーズ,
courtesy of,～のご厚意で、～から頂いた,サマーウォーズ,職場から通信設備を拝借して～の文脈
clear as a bell,きわめて明瞭に、澄み切った,サマーウォーズ,彼と初めて会った時のことは今でもはっきり覚えてますの文脈
turn one's back on,に背を向ける,サマーウォーズ,家族に背を向けないでの文脈
Never let life get the better of you.,人生に負けるな。,サマーウォーズ,おばあちゃんのことば
valor,（戦場での)勇敢さ.武勇,サマーウォーズ,there is more to valor than ~　勇敢であること（戦うこと）には（勝てる戦だけ戦うことよりも）意味がある
ante,(ポーカー)掛け金,サマーウォーズ,花札でも
paltry,わずかな、とるにたらない,サマーウォーズ,
granny,おばあちゃん,サマーウォーズ,
genus,属（生物の分類）,NYT,
mummified,ミイラ化した,おおかみこどもの雨と雪,”他の女の子はトカゲのミイラはきらいみたい”
jack-of-all-trades,何でも屋,おおかみこどもの雨と雪,
tadpole,おたまじゃくし,おおかみこどもの雨と雪,
a spate of,大量、短い期間に押し寄せる同質の物,NYT,大量の研究成果が幼児期教育の重要性を示唆している、この直後に同じ意味でa flurry of 研究成果
nanny state,子守国家、福祉国家の蔑称,NYT,このような政策は子守国家などと批判されてきたが
flat-out,全く、すっかり,NYT,そのような批判は全くもって間違っている
subsume,含める、組み込む,NYT,メタバースが現実世界を組み込んでいく文脈
double down on,～を強める、倍賭けする,NYT,ミシシッピ州は進歩の潮流が押し戻されるという不名誉な地位をさらに強めようしている
dubious distinction,不名誉な地位、自慢にならない特徴,NYT,
Reconstruction,アメリカ南北戦争後の期間,NYT,
Constitutional Convention,憲法制定会議,NYT,
seethe,(水が)沸き立つ、(人が怒りで)煮えくりかえる,NYT,
put stock in,～を重んじる、~を信用する,NYT,オミクロンについて楽観的にしろ悲観的な観測にしろ、まだ判断するのは早いので信用するべきではないという文脈
rock the boat,波風を立てる、事を荒立てる,NYT,so as not to rock the political boat 政治的に事を荒立てないように～
inviolable,侵すことはできない、不可侵の,NYT,（黒人や女性への差別などを踏まえて）今までこの国では不可侵の権利などなかったという文脈
indelible,消えない,NYT,
disenfranchise,投票権を奪う,NYT,
show,証明する,NYT,～ he had not shown that the constitution was discriminatory 裁判所は彼が憲法が差別的であることを証明していないとした
be sentenced to be hanged,絞首刑を言い渡される,NYT,
rubber stamp,軽率に～を承認する、考慮なしに自動的に承認する,NYT,
conjure,１．魔法をかける、２．魔法で~を出す,NYT,昨今の判決はミシシッピの亡霊（人種差別が常態化した状況）を呼び出すようだという例え、とある魔術でももちろん出てきた。
"~, I'd appreciate it.",～してくれるとありがたいです,鬼滅の刃,
nifty,粋な、しゃれた、上手な,とある魔術の禁書目録,
abode,住宅（フォーマルな表現）,鬼滅の刃,炭治郎くんは私の屋敷で保護します
gourd,ひょうたん,鬼滅の刃,
regimen,療養プログラム、訓練計画,鬼滅の刃,
ball and chain,1.足枷、2.足手まとい,とある魔術の禁書目録,主人公を置いて逃げることができなかったヒロインに対して敵が主人公を比喩
deep down,心の底で、内心は（口語）,とある魔術の禁書目録,Deep down S V 　内心はあなたたちもそれを願っていたんじゃないんですか
sanction,1.認可する、2.制裁を課す,鬼滅の刃,禰󠄀豆子の存在はお館様に認められていた文脈
beseech,懇願する（文）,NYT,医療機器メーカーが半導体メーカーに部品供給を懇願する文脈
false pretense,虚偽表示（法律）、偽りの口実,NYT,イラク戦争は偽りの大義名分に基づくものであったとする文脈
apotheosis,1.頂点、極地、2.神格化,NYT,reach an apotheosis 頂点に達する
whiner,泣き言を言う人,NYT,
encomium,賛辞、誰かを称賛する文章・スピーチ,NYT,
crook,詐欺師,NYT,
wound up 〜ing,結局〜する羽目になる,NYT,
put one's life on the line,命を賭ける,NYT,
cover-up,隠蔽する,NYT,
get huffy,怒る（口語）,NYT,メディアに関わる人々はマスコミが人々を煽動していると聞くと怒るかもしれないがと言う文脈
brigade,旅団,NYT,クリミア半島
insurgency,反乱,NYT,クリミア半島
claw its way back,取り戻す,NYT,ウクライナが軍事において巻き返しを図ろうとする文脈
not〜 it once was,昔〜だったほどではない,NYT,ウクライナはほぼ抵抗できずにロシアに領土を、明け渡した2014年よりは〜
acronym,頭字語,授業,AIMEはAverage Indexed Monthly Earnings の略
war of attrition,消耗戦,NYT,
consternation,"驚愕、仰天,予期しないものへの不安や狼狽の感情",NYT,ロシアの脅威が不安の種になっている文脈
auntie,叔母さん,時をかける少女,
fall back to sleep,寝なおす、二度寝する,時をかける少女,
loony,（話）狂人、頭がおかしい人,時をかける少女,タイムリープしてわたしはなんでもできる！って人前で叫びだした主人公への周りの反応
dicey,危ない、 運任せの（話、dice）,時をかける少女,
jones,(俗)～が欲しくてたまらない（人、モノ、薬物）,時をかける少女,
chick,1.ひな鳥、2.（俗）若い女性、お嬢さん,時をかける少女,
scarf down,（俗）ガツガツ食べる,時をかける少女,
singe,を焦がす、あぶる、表面を軽く焼く,時をかける少女,髪が焦げた
soap opera,昼ドラ,時をかける少女,
It will grow on you,だんだん好きになる,時をかける少女,最初は一方的な関係でも好きになっているものだよという文脈
deceit,詐欺、だますこと,時をかける少女,
gab,無駄話をする、些細なことで話す,時をかける少女,
sulky,すねた、むっつりした,時をかける少女,
got a crush on him,彼に熱を上げる、彼に首ったけである,時をかける少女,
I don't get it.,わからない,時をかける少女,
show restraint,慎む、自制する,時をかける少女,まったく自重することなくタイムリープする主人公をたしなめる文脈
get cocky,生意気な態度をとる、調子に乗る,時をかける少女,数学のテストでいい点とったからって調子に乗るな
What's the point of~,～するのに何の意味があるの？,時をかける少女,
I'm telling you.,本当だって,時をかける少女,
The more the merrier,大勢の方が楽しい,時をかける少女,
bedridden,寝たきりの,時をかける少女,
retirement home,老人ホーム,時をかける少女,
bowling alley,ボウリング場,時をかける少女,
have a thing for (someone),～が好きだ、～に特別な感情を持っている（特にその人に知られていない状況で）,時をかける少女,どう見てもあいつはお前のことが好きだった感じだった
I’ve been meaning to ~,ずっと～しようと思っていた,時をかける少女,ずっと言おうと思っていた
cranky,（話）1.不機嫌な、カリカリしている、2.奇妙な、風変わりな,時をかける少女,待ちくたびれて不機嫌だと思うから早く行ってあげようの文脈
whereabouts,行方、消息,時をかける少女,
sorta, (= sort of,時をかける少女,
rug rat,ガキ、こども（俗）,時をかける少女,このガキども～！
Figures of Speech,（字面以上の意味を持つ表現）、言葉のあや、修辞的用法、慣用句、ことわざ、たとえ,時をかける少女,
emporium,"1.大規模小売店,2.商業の中心地",NYT,コンゴのあるホテルはエネルギー革命に重要なリチウムをめぐる野望に満ちたビジネスの中心地になっている文脈
stiletto,スチレットヒール,NYT,
bravado,虚勢、空威張り,NYT,
swashbuckler,剣士、大胆で派手な冒険者,NYT,一攫千金を求めてコンゴに来る者たちの表現
go-to,頼りになる、（人や物）特定の状況で求められる,NYT,ホテルは商談によく用いられる
be awarded a contract,落札した、請け負った、契約を受注した,NYT,このホテルは使われていなかったビルディングを中国資本が落札して建てられた文脈～
cut a deal,契約を結ぶ,NYT,
usurp,(地位や権力を)奪う,NYT,このホテルはすぐ隣のホテルから交渉の中心地としての地位を奪った文脈
departure of,～の離脱,NYT,アメリカの採掘会社が撤退した穴を埋めるように～
mainstay,主力、頼みの綱,NYT,エネルギー革命の主力であるバッテリーの～
seasoned,ベテランの,NYT,ベテランのビジネスマン
a lot of show and little substance,見せかけだけで中身のない,NYT,all show and no substanceの亜種か
in tow,1.（ロープなどで）引かれて、牽引されて、2.後ろに従えて,NYT,人を後ろに従えて
counter-piracy,海賊掃討作戦,NYT,
flashy,派手な,鬼滅の刃,鬼滅の刃遊郭編
intel,機密情報（作戦などにかかわる）,鬼滅の刃,Hitman、とある魔術の禁書目録、鬼滅等でみた
incensed,ひどく怒った、キレた,鬼滅の刃,善逸に対して何お前キレてんだ？の文脈
in a drab way,地味に,鬼滅の刃,地味にいくのは好きじゃないんだが
drop-dead,ものすごい,鬼滅の刃,
stud,1.釘の頭、2.(口語)色男,鬼滅の刃,音柱の容姿を形容
stunner,驚くほど美人 (c.f.stun 気絶するほど),鬼滅の刃,伊之助の容姿
knockout,すごく美人な人,鬼滅の刃,
breadwinner,稼ぎ手、大黒柱,鬼滅の刃,一番人気の花魁が屋敷の経営を支えている
plaster,1.（名）漆喰、2.（動詞）べたべた塗る,鬼滅の刃,なんかべたべた塗られてたけど落としてみたらこの顔！
chaperone,付き添い、お目付役,鬼滅の刃,遊郭のおばさん、やり手
smite,1.強く打つ、2.強く惹かれる、,鬼滅の刃,イケメンの男にsmittenになった女将さん
lair,（口語）隠れ家,とある魔術の禁書目録,
genuine article,（人に対して）本物,とある魔術の禁書目録,幻想殺しというのは本当のようだねという文脈
priestess,巫女,とある魔術の禁書目録,
bona fide,1.本物の、真正な、2.誠実な、善意の,とある魔術の禁書目録,正真正銘本物の魔術師によって～、法律用語でもつかわれるらしい
congregant,集会のメンバー（宗教）,とある魔術の禁書目録,
draw the short straw,貧乏くじをひく,とある魔術の禁書目録,
itinerant,（形）巡回する、各地を転々とする、（名）行商人、転々と移動する人,とある魔術の禁書目録,
pontificate,尊大で独善的に意見を主張する,textminingwithR,序文
polysemous,（言語学）多義の,論文,
ouster,追放,NYT,アメリカはスカルノの追放を支援していた文脈
woo,説得する、支持を得ようとする,NYT,今がインドネシアを取り込むチャンスだという文脈
generate interest in~,～への興味を抱かせる,NYT,generate interest in Indonesia インドネシアへの興味を抱かせるには最上級の言葉を並べないといけない（＝インドネシアは軽視されている）文脈
superlative,最高の、最上級の,NYT,
shore up,強化する、支える,NYT,shore up support 大統領就任からアメリカ外交は同盟国への支援を強化することに注力していた文脈
fast friend,親友,NYT,アメリカ外交は仲のいい国家（親友）との関係だけでなくインドネシアなどの中立国との関係にも目を向けるべきだという文脈
merit (verb),~に値する,NYT,Indonesia merits its own special attention インドネシアは注目に値する
corrective,1.（形容詞) 修正する、2.（名）是正措置,NYT,これまで軽視してきた東南アジア外交の是正措置
delicacy（noun）,ごちそう、美味,NYT,彼らは中国の市場で食べ歩くなどの動画を投稿しているの文脈
expatriate,国外移住者,NYT,中国にいる欧米人youtuber
dime,1.アメリカ10セント硬貨、2.ほんのわずかな金額,NYT,中国のYoutuberが政府の資金(=state dime)で撮影を行う間、役人が何を映すかを全て決めているという文脈
on the cusp of,~を目前にして、~の直前に,NYT,クリスマスを目前にして家族の集会は規制されてしまった
low-key,地味な、ひかえめな,NYT,式典は控えめなものであった
purgatory,煉獄（宗教）,ヱヴァンゲリヲン新劇場版:序,
capillary,毛細血管,ヱヴァンゲリヲン新劇場版:序,
artery,動脈,ヱヴァンゲリヲン新劇場版:序,
shackle,手かせ、足枷,ヱヴァンゲリヲン新劇場版:序,
copy that,了解（トランシーバーなどで）,ヱヴァンゲリヲン新劇場版:序,
distraught,取り乱した,ヱヴァンゲリヲン新劇場版:序,エヴァ暴走
second nature,（後天的な）習性、何も考えなくてもできるようになったもの,ヱヴァンゲリヲン新劇場版:序,
non combatant personnel,非戦闘要員,ヱヴァンゲリヲン新劇場版:序,
be wrapped up in oneself,自分のことばかり考えている,ヱヴァンゲリヲン新劇場版:序,最近の男は周りじゃなくて自分にしか興味ない文脈
accomplice,共犯,とある魔術の禁書目録,
put the move on,口説く、ナンパする,とある魔術の禁書目録,お姉さまにナンパしたの?の文脈
flea,ノミ,とある魔術の禁書目録,猫のノミ退治
blimp,飛行船,とある魔術の禁書目録,私あの飛行船嫌いなのよね
pound,（犬や猫などの）動物収容施設,とある魔術の禁書目録,この子がpoundに入ったらどんな扱いを受けるかわかりますか？私が保護しますの文脈
split hairs,細かいことに拘る、屁理屈,とある魔術の禁書目録,あなたが直接かかわっているかどうかは関係ないそこを気にするのは屁理屈だの文脈
amiss,不都合で、具合が悪い,とある魔術の禁書目録,
carcinogen,発がん性物質,とある魔術の禁書目録,焼肉には発がん性物質があるといって肉を多く食べようとする文脈
caress,愛撫、抱きしめること,とある魔術の禁書目録,黒子
saint,聖人,とある魔術の禁書目録,
dimwit,(話)ばか,とある魔術の禁書目録,
dust explosion,粉塵爆発,とある魔術の禁書目録,
visual acuity,視力,とある魔術の禁書目録,視力検査は20/20までしか測れない
mitotic,有糸分裂の、細胞分裂の,とある魔術の禁書目録,妹達の置かれた状況の説明
mow down,1.無差別に多くの人々を殺す、2.刈り取る,とある魔術の禁書目録,一方通行
intone,抑揚をつけずに話す,とある魔術の禁書目録,ミサカは答えます
glut,満たす、（商品を）過剰に供給する,NYT,供給が急激に増えて、需要が満たされる（became glut）~
gyrate,1.回転する、2.（規則的に）変動する,NYT,経済変動の文脈
bullwhip,牛をたたく鞭,NYT,bullwhip効果で
underdog,勝ち目がない人,NYT,テキサスのスタートアップが中国ロシアの国策企業と競争する記事
forlorn,希望のない、見捨てられた,NYT,a forlorn spot見捨てられた土地のようにも見えるが～
quixotic,極端に理想的な、非現実的な,NYT,宮崎駿のインタビュー記事
leprosy,ハンセン病,NYT,宮崎駿のインタビュー記事
impresario,興行主,NYT,彼は人に指図する経営者にはならず、現場で働く文脈。宮崎駿のインタビュー記事
unto,toの古語,NYT,宮崎駿のインタビュー記事
contour,輪郭,NYT,宮崎駿のインタビュー記事
secular,世俗的な、（経済学）長期的な,NYT,世俗的な聖人のようにも思われるが～。宮崎駿のインタビュー記事、経済学では secular stagnation 長期停滞
hagiography,聖人伝,NYT,同僚が聖人伝を否定して、実際の人物像を説明。宮崎駿のインタビュー記事
feature film,長編映画,NYT,宮崎駿のインタビュー記事
incendiary,焼夷弾,NYT,宮崎駿のインタビュー記事
flank,1.（名）側面、2.（動詞）側面に立つ,NYT,宮崎駿のインタビュー記事
toad,ヒキガエル,NYT,宮崎駿のインタビュー記事
whisk,1.素早く動く、2.(名)泡だて器,NYT,宮崎駿のインタビュー記事
visceral,1.内蔵の、2.直感的な,NYT,宮崎駿のインタビュー記事
munitions,軍需品,NYT,宮崎駿のインタビュー記事
abjure,（厳粛に）放棄する（領土、信仰）,NYT,宮崎駿のインタビュー記事
enshrine,祀る、大事なもの（権利、アイデア）を保存する,NYT,"宮崎駿のインタビュー記事、9条について。ロシアウクライナ問題でもロシアが停戦の条件にNATO非加盟を明記した憲法を条件にした文脈で、,enshrined in its constitution that it had no plans to join Natoと。"
conscript,徴兵,NYT,宮崎駿のインタビュー記事
deadpan,無表情な、感情を表に出さない,NYT,宮崎駿のインタビュー記事
re-enactment,再現,NYT,宮崎駿のインタビュー記事
ravine,渓谷,NYT,宮崎駿のインタビュー記事
hubris,自信過剰、傲慢,NYT,宮崎駿のインタビュー記事
small fry,取るに足らない人,カウボーイ・ビパップ,
legit,きれい、かっこいい,月がきれい,新作ゲームグラフィックがやべえの文脈
pecking order,序列,月がきれい,スクールカースト
Captain Obvious,わかりきったことをいう人への皮肉,月がきれい,
embroidery,刺繍,月がきれい,太宰、女学生の引用
speck,斑点、小片,月がきれい,
track meet,陸上競技会,月がきれい,
disinfect,消毒する,月がきれい,
fidget,緊張による手足の動き,月がきれい,fidget toy ヒロインがよく一人でいるときに話しかける小さなぬいぐるみを指して
stuffed,1. 詰まった、2.剥製の、ぬいぐるみの,NYT,宮崎駿のインタビュー記事 stuffed goat ヤギのぬいぐるみ
zeitgeist,時代精神,NYT,インフレを予想する世の中をインフレ的な時代精神と表現する文脈
pore through,熟読する,NYT,マクロ経済のモデルを熟読（よく読み解く）する専門家ですらも
indemnity,補償金,授業,労災における給与補償
Damsel in distress,苦難の乙女,鬼滅の刃,マリオのピーチ姫のような物語に出てくる囚われの姫的なポジションの総称
outspoken,率直な、臆さずものを言う,NYT,
up and coming,やり手の、将来有望な,NYT,
preemptive,先制の,NYT,
rant,どなりちらす、わめく,NYT,
scree,がれ場、石がごろごろした山の斜面,ネット記事,scree plot 二階微分が負の右下がりのグラフを指して
perpendicular,垂直（verticalは水平方向に、perpendicularは方向問わず与えられたものに垂直）,ネット記事,
eigenvector,固有ベクトル,ネット記事,
without further ado,難しい話はあとにして、前置きはこれくらいにして,ネット記事,固有値の詳しい解説をとばしたときに
mull,熟考する（over）,NHK,
promontory,岬,NHK,
uncanny,異常な、不気味な、異常なほど,NYT,uncanny ability 彼女の不気味なほど優れた能力
clown,ピエロ、ひょうきんもの,NYT,school clown クラスのひょうきんものを見て彼女は落語家を志すようになった
evince,表す（感情などを）,NYT,
buttock,臀部、尻,NYT,
slouch,前かがみに歩く,NYT,落語の酔っ払った男の描写
modal,最頻の、様式の,授業,62歳が労働市場から退出する最頻の年齢となっているが～
rile,濁らせる,授業,
homicide,殺人（正当防衛の殺人も含めた、murderは殺意ありの）,授業,
infamy,汚名、悪名,NYT,
moribund,瀕死の,NYT,瀕死の経済
hedonistic,快楽主義の,AKIRA,
twerp,（俗）ばか、迷惑な人,AKIRA,
gangway,（間投）どいたどいた！,AKIRA,バイクで走ってるシーン
tollbooth,料金所,AKIRA,
ground,（動）離陸させないでおく、行動を制限する（from）,月がきれい,I'll ground you from~主人公の母親が執筆などを辞めさせようとする文脈
hang in there,（話）がんばって,月がきれい,
pressure point,つぼ、急所,月がきれい,
writer's block,執筆中の行き詰まり,月がきれい,
pickle,"1.漬物、2,困った状況",月がきれい,That's quite a pickle それは大変ですね
Back off,引っ込んでろ、手を引いて,月がきれい,
whirlwind,つむじ風,月がきれい,
cut to the chase,本題に入る,月がきれい,
one's head in the clouds,空想にふける、ぼーっとする,月がきれい,
That hit the spot,（食べ物など）やっぱこれに限る！,月がきれい,ジュースを飲んだ後にく～やっぱこれだあ~の文脈
wind chime,風鈴,月がきれい,
scumbags,卑劣な奴、くず、かす,月がきれい,
rain on one’s parade,水を差す,月がきれい,I hate to rain on your parade　水を差すわけじゃないけど～
set in stone,もう変えられない、本決まりの,月がきれい,it's not set in stone （ヒロインが転校するかもしれない状況で）まだ確定したわけじゃないから
cheapskate,けちな人（≒miser）,月がきれい,
pace oneself,自分のペースでやる,月がきれい,ヒロインが食べるシーン
mock exam,模試,月がきれい,
and all that jazz,～など、それと似たあれこれ、などなど,月がきれい,
ginormous,とても大きい,月がきれい,編んだマフラーが予想以上に大きかった文脈
naggy,迷惑な、あら捜しをする,月がきれい,
higher-ups,上層部、お偉方,とある魔術の禁書目録,
keep a low profile,目立たないようにする、おとなしくする,とある魔術の禁書目録,上条さんが上層部に目を付けられないようにほとぼりが冷めるまで謹慎する文脈
abomination,嫌悪感を引き起こすもの,とある魔術の禁書目録,父親の趣味の水着をみて
trinket,小間物、小さなアクセサリー（価値の低い）,とある魔術の禁書目録,父親からもらった土産物
foyer,玄関、ロビー,とある魔術の禁書目録,上条さんの実家
feng shui,風水,とある魔術の禁書目録,元春の術式
give a wide berth,～に近づかない、距離を取る（to）,とある魔術の禁書目録,主人公の周りで不吉なことが起こるのを気味悪がった周りの反応
in one go ,一度に,とある魔術の禁書目録,一部だけを破壊するとより危険な術式が生み出されてしまうから一度に全部を破壊する必要がある文脈
There is more than one way to skin a cat,まだ方法はある,とある魔術の禁書目録,
keel over,転覆する、卒倒する,とある魔術の禁書目録,元春が卒倒する前に
gory,血なまぐさい、暴力や流血が見られるような,ネット記事,goriness aside~この表現の残酷さは置いておいて、語源は～ There is more than one way to skin a catの語源解説
adage,ことわざ,ネット記事,≒There is more than one way to skin a catを指して
wimp,(話)弱虫、意気地なし,鬼滅の刃,
"I do, if it’s the last thing",なにがなんでも、必ず,鬼滅の刃,上弦は必ず俺が始末する
be busted,(話)逮捕された、バレた,鬼滅の刃,男だってことがバレてた！？の文脈
have no use for,~に用はない、~をひどく嫌う,鬼滅の刃,柱以外に興味はない文脈
for that matter,あるいは、さらに言えば,鬼滅の刃,加えて、ブサイクは食べないしという文脈
have a flair for,～の才能に恵まれている,鬼滅の刃,派手好きの才能があることが求められる～
antidote,解毒剤,鬼滅の刃,
Color me impressed,感心した,鬼滅の刃,実力を発揮した主人公に、敵が感心した文脈。
nick,刻み目をつける,鬼滅の刃,nickedで刃こぼれした
fallout,１降下放射性物質、２反動、副作用,鬼滅の刃,技の反動で疲れて動けない
at the top of one's game,絶好調である,鬼滅の刃,
pesky,厄介な,鬼滅の刃,主人公が手ごわいことを敵が
game trail,獣道,鬼滅の刃,
law-abiding,堅気の、法律順守の,鬼滅の刃,
on the same page,同意する,加藤純一,be on the same page 同意する　12minutes配信にて
"Our Father who art in heaven,",天にましますわれらの父よ（宗教）artはareの古い形,とある魔術の禁書目録,
steamy,"1,蒸し暑い、2.(俗)肉欲的な、官能的な",とある魔術の禁書目録,
obsidian,黒曜石,とある魔術の禁書目録,アステカの魔術師
flay,（人・動物から）皮を剥がす,とある魔術の禁書目録,アステカの魔術師、人から皮をとるとその人に変装できる魔術
space cadet,ぼーっとした人、天然な人（cadet: 訓練生、士官候補生）,とある魔術の禁書目録,
stick one's nose in,（関係のないことに）首を突っ込む、干渉する,とある魔術の禁書目録,警察に通報した方がいいんじゃ、関係ないけど。
outstanding contract,未払い契約,とある魔術の禁書目録,これは未払いの契約金だとおもえ
lab coat,白衣,とある魔術の禁書目録,
scum,クズ,とある魔術の禁書目録,「確かに俺らはどうしようもねェ屑だ。だがそれはこいつには関係ねェだろォが！！！」
collate,照合する,とある魔術の禁書目録,レータがヒロインの脳情報をバックアップと照合して修正するシーン
Kudos,栄光、賞賛,とある魔術の禁書目録,"Kudos for trying,~ ご苦労さん、だけど無駄な努力だったようだな！の文脈"
point-blank,至近距離の、露骨な、率直な,とある魔術の禁書目録,私は至近距離で心臓を打たれたはずだけど？
out of the woods,困難を脱して、危険を免れた,とある魔術の禁書目録,
gawk,（口）ぽかんと見とれる,とある魔術の禁書目録,
cut and run,（俗）急いで逃げ出す,とある魔術の禁書目録,
cheapo,（俗）安っぽい,とある魔術の禁書目録,
hole-in-the-wall,穴場、隠れた名店、場末の店,とある魔術の禁書目録,
salacious,みだらな、わいせつな,とある魔術の禁書目録,
without batting an eye,平然と,とある魔術の禁書目録,平然とそんなお願いしてくるのお前だけだよ
without thinking twice ,ためらわずに、当然のように,とある魔術の禁書目録,英語音声版ではこっちが、平然とそんなお願いしてくるのお前だけだよ
sloppily,下手に,とある魔術の禁書目録,下手にやつを倒すと外交問題になるぞ
cause a rift,亀裂を生じさせる,とある魔術の禁書目録,
at odds,対立した、反目した,とある魔術の禁書目録,be at odds 隣人を愛する者同士が対立するとは悲しいなの文脈
see to it that,～を取り計らう,とある魔術の禁書目録,彼女に謀反を起こさせて
get all worked up,とても怒る、カッカする、取り乱す,とある魔術の禁書目録,先生の怒る姿がみれて楽しいじゃんの文脈
wield,（武器や道具を）巧みに使う、人に影響を及ぼす,とある魔術の禁書目録,
make someone's day,人の一日を幸せにする,とある魔術の禁書目録,
tall order,難しい注文、無理な注文,とある魔術の禁書目録,
pawn,1.チェスのポーン、2.手先、駒、3.質,とある魔術の禁書目録,
mace,鎚鉾,とある魔術の禁書目録,
for Heaven's sake,まったく、あきれた！,とある魔術の禁書目録,
antics,バカ騒ぎ、おどけたしぐさ、道化,とある魔術の禁書目録,あなたの騒動で迷惑をかけるなんて最低だ！
new low,新安値、最低,とある魔術の禁書目録,bothering antiskils is new low! アンチスキルに迷惑をかけるなんて最低だ!
attire,盛装（正装）させる、（名）服装,とある魔術の禁書目録,イギリス清教の偉い人の服装を指して
confetti,紙吹雪,とある魔術の禁書目録Ⅱ,レポートの紙が散り散りになった表現
take the oath,誓いを立てる,とある魔術の禁書目録Ⅱ,
incantation,呪文,とある魔術の禁書目録Ⅱ,
bosom,女性の胸,とある魔術の禁書目録Ⅱ,bosom ofで内部、教会の懐にいるみたいな文脈
vortex,渦,とある魔術の禁書目録Ⅱ,複数形vortices
head-on,正面から、面と向かう,とある魔術の禁書目録Ⅱ,charge them head-on私たちは彼らと正面から激突します
close call,危機一髪、危ない,とある魔術の禁書目録Ⅱ,it will be close call それはむずかしいことになるだろう
chomp,音を立てて噛む,とある魔術の禁書目録Ⅱ,インデックスが主人公にいつもやるやつ
quid pro quo,見返り,とある魔術の禁書目録Ⅱ,
trot out,（口）披露する、見せびらかす、持ち出す,ネット記事,パナソニックが新製品情報をメディア出ししたときに
astrologer,占星術師,NYT,
walk of life,職業、仕事,NYT,様々な職業のひとの2020年-2021年の予想が的中したか見てみよう
market cap,時価総額,NYT,テスラの時価総額は暴落するという予想は外れている
second guessing,あれこれ考える,NYT,次に取り締まりがされるのはうちの業界か戦々恐々の企業
unbridled,抑えの効かない,NYT,暴走する当局のIT取り締まり
the dead of winter,真冬,NYT,
ice-cream man,麻薬密売人,NYT,
hold forth,詳細に、長々と話す,NYT,
phlegm,痰,NYT,
boarding school,寄宿学校,NYT,
outback,オーストラリアの内陸部（人里離れた）,NYT,オーストラリアのアウトバックに生息する非常に珍しい鳥(Night parrot)の記事
quail,うずら,NYT,
aviary,鳥小屋,NYT,
holy grail,聖杯、探求の対象,NYT,その鳥は鳥類の中でも探求の対象となっている
trail goes cold,痕跡が途絶える,NYT,その鳥の発見報告は途絶えていった
brave,（動）乗り越える、勇敢に立ち向かう,NYT,brave wildfires 山火事を乗り越えて
have one's heart in one's mouth,（口）びくびくする、心配する,NYT,
government handout,（話）補助金,授業,いわゆる政府からの補助金を受け取りたくない人も中にはいて
laceration,裂傷（かなり深めの肉が見えてるレベル）,授業,労災補償の代表的事例
concurrent,同時に,授業,
business cycle,景気循環,授業,
power saw,電動ノコギリ,授業,
cash cow,金のなる木、ドル箱,授業,
varnish,ワニス、ニス,VOX,
blitz,電撃、電撃的キャンペーン,VOX,marketing blitz 電撃的な広告戦略
much to one's chagrin,残念なことに（chagrinの発音）,VOX,残念なことにリノリウムには競合メーカーが表れてしまう
against all odds,多くの困難にもかかわらず、予想に反して,VOX,予想に反して、リノリウムは復権の兆しを見せています
pitchfork,熊手（干し草を搔く農具）,TED,
general run of people,普通の人々,TED,
mortify,屈辱を与える、くやしがらせる　（mortifiedで悔しがる）,TED,
one-upmanship,人より上を行こうとすること,TED,彼らの独善的な人より先を行こうとする姿勢は、
carnage,大虐殺,鬼滅の刃,
fluke,偶然、まぐれ,鬼滅の刃,さっきわたしの首に刃がふれたのは偶然よ
clad in,を着た（cladがclotheの過去形）,鬼滅の刃,の模様の着物を着た
hemp,麻,鬼滅の刃,hemp leaf pattern 麻の葉文様
to boot,おまけに、そのうえ,鬼滅の刃,おまけに三人の妻がいるという文脈
laughing stock,笑い草、嘲笑の対象,NYT,2018年当時のテスラを指して
vault,飛び越す,NYT,テスラが販売台数で他社を飛び越すだろう
unencumbered,重荷が無くなった,NYT,設計が楽な電気自動車を指して
flout,(法、規則を)公然と無視する,NYT,ワクチンを受けない著名スポーツプレイヤーの記事
standoff,膠着状態,NYT,数時間の膠着の末オーストラリア政府は彼にビザを発行しないことを決めた
comrade,（苦楽を共にした）仲間、同士,進撃の巨人,仲間は裏切らない
euthanasia,安楽死,進撃の巨人,euthanize 安楽死させる
geezer,男性、（蔑称）老人,進撃の巨人,
beat someone to a pulp,タコ殴りにする、ひどく痛めつける,進撃の巨人,
give ~ free rein to,～に～する自由を与える(rein が手綱の意),進撃の巨人,
lackey,召使,進撃の巨人,
feel for,1.同情する、2.好きになる,進撃の巨人,悪魔の末裔を好きになったのはお前だろ
blather,無駄口をたたく,進撃の巨人,
distress call,救難信号,進撃の巨人,
internment,抑留、収容,進撃の巨人,internment zone 家族を強制居住区域から出したいの
on one's way out,落ち目である,進撃の巨人,
defect,（名）欠陥、（動詞）亡命する,進撃の巨人,あなたの勢力に亡命させてもらえるということでいいかしら？
salutation,挨拶,アプリアップデート説明,
cavalcade,（騎馬）行進、パレード,ネット記事,CESでの各社の大量の発表を比喩
braggadocio,大言壮語、自慢に満ちた,ネット記事,
if you'll pardon the expression,ちょっと言葉は悪いが、こう言うのもなんだが（失礼な表現を言う時に使う）,ネット記事,結局このチップはmacには乗らないのでこういうのもなんだがapples-to-orangesな比較になってしまう（appleとかけている）
recant,（公式に）撤回する,NYT,テストテロンを基準に使う方針を打ち出した競技連盟が方針を撤回することになった
thou shalt not,汝～するなかれ,とある魔術の禁書目録Ⅱ,
crucifix,十字架,とある魔術の禁書目録Ⅱ,
heathen,異教徒、異教の,とある魔術の禁書目録Ⅱ,heathen land 異郷の地で信仰を広めた
sophistry,詭弁,とある魔術の禁書目録Ⅱ,
chivalrous,（特に女性に対して）礼儀正しく勇敢な、騎士道的な,とある魔術の禁書目録Ⅱ,
latitude,1.緯度、2.（思考や行動の）自由、自由裁量,とある魔術の禁書目録Ⅱ,
moot,議論の的になる、議論の余地がある,とある魔術の禁書目録Ⅱ,
crosier,司教杖,とある魔術の禁書目録Ⅱ,
ingénue,純情な娘（演劇等のステレオタイプ）,とある魔術の禁書目録Ⅱ,
third wheel,カップルと同席した3人目,とある魔術の禁書目録Ⅱ,
vixen,女狐,とある魔術の禁書目録Ⅱ,狡猾な女性キャラを比喩
scatterbrained,注意散漫な,とある魔術の禁書目録Ⅱ,
isobaric,等圧な,とある魔術の禁書目録Ⅱ,天気図の説明
troglodyte,洞穴に住む人,とある魔術の禁書目録Ⅱ,
airtight,密閉した,とある魔術の禁書目録Ⅱ,
stay dry,濡れないでね,とある魔術の禁書目録Ⅱ,
out and about,出歩いて、普段どおり活動して,とある魔術の禁書目録Ⅱ,
lone,孤独な,とある魔術の禁書目録Ⅱ,she wages her lone battle 彼女は孤独な闘いをする
styptic,止血効果のある,とある魔術の禁書目録Ⅱ,
tongue twister,早口言葉,とある魔術の禁書目録Ⅱ,
traipse,歩く、ぶらぶら歩く,とある魔術の禁書目録Ⅱ,
tutu,チュチュ,とある魔術の禁書目録Ⅱ,
washed up,ダメになった、しくじった,とある魔術の禁書目録Ⅱ,脳にダメージを負って能力が使えないと思われた主人公に敵が放った言葉
big shot,（話）大物,とある魔術の禁書目録Ⅱ,一方通行
upward of,以上、more than,授業,upwards of 14 million in stock 1400万ドル以上の株を～
crossover,1.交差点、2.多ジャンルにまたがる,NYT,crossover star 多方面で活躍するスターが起こした犯罪の記事
throw one's hat in the ring,競争に参加する、選挙に立候補する,NYT,フランス大統領選に出馬する人たちの紹介
ascend the throne,即位する,NYT,エリザベス女王
tell-all,暴露,NYT,王室の一人が暴露本を出すようである
top-flight,一流の,NYT,ラリーガの一流チームもNBAのように
on a leash,（ペットなど）紐につないで,NYT,コロナ禍でペットは紐に繋いで外出しないと罰金になる国
deafening,耳をつんざくような、耳が聞こえなくなるくらいうるさい,NYT,F1への反対活動
tale as old as time,時と同じくらい古い物語＝ずっと昔からある、いつの世もある話,NYT,太古から環境を守ってきた植物の話。美女と野獣由来
moor,（船が）停泊する、（船を）係留させる,NYT,mooring site錨で海底の植物が傷ついてしまうため新たな係留場所を作った
live action,実写,NYT,マリオの実写映画
rowing,手漕ぎ,NYT,太平洋を手漕ぎボートで渡る
reveler,飲み騒ぐ人（cf. revel 楽しむ）,NYT,お祭りの描写
pas de deux,パドドゥ、二人でする踊り,NYT,
wrought,1.鍛造された、2.作られた,NYT,パンデミックによって生み出された混乱は～
tumult,騒動,NYT,一連のブリグジットの騒動
far cry,かけ離れている、程遠い,とある魔術の禁書目録Ⅱ,確かに俺は弱くなった、だがお前と俺は雲泥の差だよなあ！
waft,漂う,とある魔術の禁書目録Ⅱ,食べ物のにおいが漂って腹が減るシーン
toil,熱心に働く,とある魔術の禁書目録Ⅱ,
in the bag,大丈夫、きっと,とある魔術の禁書目録Ⅱ,I have it in the bag 賭けはどうせ私が勝つから
sap,1.(名)樹液、2(動詞)～からエネルギーを奪う,とある魔術の禁書目録Ⅱ,考えることが一番消耗すること
crucifixion,磔、はりつけ（宗教）,とある魔術の禁書目録Ⅱ,
lift a finger,腰を上げて~する、（否定形で）何一つしない,とある魔術の禁書目録Ⅱ,もし彼女が動いたら外の魔術師が群がってしまう
locust,イナゴ,とある魔術の禁書目録Ⅱ,
limp,ぐったりした,とある魔術の禁書目録Ⅱ,1週間たったレタスみたいにぐったりしてた
munchkin,小人、非常に小さい人,とある魔術の禁書目録Ⅱ,小萌先生
steering committee,実行委員会,とある魔術の禁書目録Ⅱ,
oh-so,（話）とても、非常に,とある魔術の禁書目録Ⅱ,oh-so-〇〇の形で使われていた、oh-so-subtly、oh-so-helpful
give someone the slip,から逃れる、～をまく,とある魔術の禁書目録Ⅱ,
game of cat and mouse,いたちごっこ,とある魔術の禁書目録Ⅱ,
cannonball,水に飛び込むこと、友人キャラに飛び込んで襲い掛かるときの間投詞,とある魔術の禁書目録Ⅱ,黒子が襲い掛かるシーン、元春が主人公に襲い掛かるシーン
up and running,稼働して,とある魔術の禁書目録Ⅱ,
dingbat,(口)バカ、奇人,とある魔術の禁書目録Ⅱ,
out of the blue,突然、いきなり,とある魔術の禁書目録Ⅱ,突然誘ったら、、
martyrdom,殉教,とある魔術の禁書目録Ⅱ,
belvedere ,展望台,とある魔術の禁書目録Ⅱ,
kaleidoscope,万華鏡,とある魔術の禁書目録Ⅱ,
Two for the Price of One,一個買ったららもう一つ（プロモーション）,とある魔術の禁書目録Ⅱ,
apostle,使徒（発音注意）,とある魔術の禁書目録Ⅱ,
tax incidence,税の帰着（経済学）,授業,
ad valorem tax,従価税,授業,
pelagic,遠洋の,VOX,水族館はより遠洋のサメを飼育しようとした
scaffold,1.足場（建設現場のような）、2.断頭台、絞首台,論文,chemical scafffold 薬物の構造を調べたfoldingathome の総括
gridlock,交通渋滞、混雑した状態,NYT,partisan(共和党支持者)が渋滞している議会ですら経済格差は重く受け止められている
quack,ヤブ医者の,NYT,quack treatments 彼は効果のない治療法を宣伝した
chastise,厳しく非難する,NYT,議会から非難された際に
tinder dry,（森林が）非常に乾燥して燃えやすくなった　cf. tinder 火口,NYT,気候変化で乾燥して火災が起きやすくなっている
canopy,林冠、天蓋,NYT,林冠となる大きな木まで燃えてしまう〜
acreage,土地,NYT,
conflagration,大火事,NYT,
wellspring,源泉、well head（井戸の先端）の詩的表現,NYT,アフリカ美術を芸術の源泉とする文脈
overt,明らかな,NYT,
provenance,（美術品の）来歴、（生物、酒などの）原産地,NYT,
restitution,返還、損害賠償,NYT,ヨーロッパ各国が収奪した美術品の返還
faience,スズ釉陶器の総称、（狭義）ファイアンス焼き,NYT,美術品の説明
vitrine,展示用のガラスケース,NYT,美術館の記事
larcenous,窃盗の c.f. larceny窃盗,NYT,ヨーロッパ各国がアフリカから収奪した美術品の文脈
jasper,碧玉、赤茶色のシリカの宝石,NYT,美術品の説明
alabaster,石膏または方解石、通常白いものを指す,NYT,美術品の説明
Hellenophilia,ギリシャ好き、ヨーロッパの文化がギリシャに由来するという考え,NYT,美術館の展示について従来どおりのギリシャ美術を高度で、アフリカ美術を未開とする二分論だと批判する文脈
quiver,"1,（動）震える、2.（名）矢筒",NYT,美術品の説明、矢筒のような髪は
hairdo,ヘアスタイル、髪の結い方,NYT,美術品の説明
quadruped,四足獣,NYT,
slumber,眠り,NYT,eternal slumber 永遠の眠り、墓の装飾品の話題
arresting,目を引くような,NYT,展示の中でも目を引くのが
disciple,弟子,NYT,トランプの弟子
ahem,喉を鳴らす音、コホン,NYT,ビットコインの話題でa bit (ちょっとの)を使っていたときにa bit(ahem)と
large denomination bills,高額紙幣,NYT,ビットコインのような高額の通貨は使い道がないかもしれないが
Benjamin,100ドル紙幣札,NYT,100ドル札をよく使うような犯罪者にとってはどうだろう？
allegiance,（国や宗教への）忠誠,とある魔術の禁書目録Ⅱ,ローマ正教からイギリス清教へ信仰を変える文脈
Hooray!,やった！,とある魔術の禁書目録Ⅱ,
basket case,（俗）無力な人,とある魔術の禁書目録Ⅱ,オルソラが世話になった土地に別れを告げるので感傷的になってしまって案内できない文脈
yammer,めそめそ不平を言う,とある魔術の禁書目録Ⅱ,グダグダ言ってないで～
purview,（職務の）範囲、管轄,とある魔術の禁書目録Ⅱ,
habit,修道衣,とある魔術の禁書目録Ⅱ,上条さんの右手で魔法がかかった修道衣が
fall for,（作戦、ワナに）引っかかる,とある魔術の禁書目録Ⅱ,fell for it引っかかった　よく使われていた
apostate,背教者,とある魔術の禁書目録Ⅱ,
smooch,キスする、キスをして抱き合う ,とある魔術の禁書目録Ⅱ,
rise to the occasion,（危機に）うまく対処する,とある魔術の禁書目録Ⅱ,明かされる魔法の真実に、インデックスはうまく対処する次回予告
vermin,害虫,とある魔術の禁書目録Ⅱ,
appendage,付属物,とある魔術の禁書目録Ⅱ,上条さんの右腕に対して、そんな付属物にたよるなんて!という文脈
shuffle off this mortal coil,死ぬ（シェイクスピアからの引用）,とある魔術の禁書目録Ⅱ,help you shuffle off this mortal coil 引導を渡そう、亡き者にしてくれよう
rejoice,喜ぶ、嬉しがる,とある魔術の禁書目録Ⅱ,
co-opt,1.（委員会が）新メンバーを選出する、2.（他人のアイデア、物）を盗む,とある魔術の禁書目録Ⅱ,この術式を誰かに悪用されないように
come after,追跡する、追い詰める,とある魔術の禁書目録Ⅱ,彼女たちを追い詰めるのなら俺が立ちふさがる
under the weather,体調がよくない,とある魔術の禁書目録Ⅱ,体長がよくないのは私も一緒
know-it-all,知ったかぶりをする人（≒smartass）,とある魔術の禁書目録Ⅱ,
do-gooder,非現実的な理想を掲げる慈善家,とある魔術の禁書目録Ⅱ,
scam,詐欺,とある魔術の禁書目録Ⅱ,通販で売ってる肩こり器具を指して
have someone's number,（人の）本性を知る、理解する、正体を知る,とある魔術の禁書目録Ⅱ,
debriefing,終わった後の報告,とある魔術の禁書目録Ⅱ,
blasphemy,冒涜,とある魔術の禁書目録Ⅱ,
collarbone,鎖骨,とある魔術の禁書目録Ⅱ,
welsh,（俗）約束を守らない,とある魔術の禁書目録Ⅱ,待ち合わせに遅れた主人公をwelshing rat と
get off on ~,~に興奮を感じる,とある魔術の禁書目録Ⅱ,他人の苦痛に興奮するんだね
vent,（感情を）発散する,とある魔術の禁書目録Ⅱ,venting isn't effective unless it's done verbally 気持ちの発散は口頭で行った方がいいの！
wheedle,（お世辞などを言って人）を丸め込む,とある魔術の禁書目録Ⅱ,
pint-sized,非常に小さい（発音注意）,とある魔術の禁書目録Ⅱ,打ち止めに対して
vestment,法衣、聖職者が礼拝中に着る衣服,とある魔術の禁書目録Ⅱ,
for Pete's sake,1.お願いだから、頼むから、2.まったく、あきれた,とある魔術の禁書目録Ⅱ,まったくの文脈
go commando,下着をつけない服を着る（スラング）,とある魔術の禁書目録Ⅱ,
kimono sash,着物の帯,とある魔術の禁書目録Ⅱ,
pipe down,落ち着く,とある魔術の禁書目録Ⅱ,
enter the fray,争いに加わる,とある魔術の禁書目録Ⅱ,次回予告、新たな敵が加わる文脈
convolute,（話、主張）を複雑にして、わかりにくくする、2.畳み込み,とある魔術の禁書目録Ⅱ,最近のいたずらも手が込んできたな
annunciation,受胎告知,とある魔術の禁書目録Ⅱ,
vexing,イライラさせる、ムカッとくる,とある魔術の禁書目録Ⅱ,
noose,（首吊りをするときみたいな）縄でつくった輪、輪縄,とある魔術の禁書目録Ⅱ,
headway,前進、進歩,TIME,地球温暖化対策で各国が一歩前進したという文脈
sequester,隔離する、隠す,TIME,CO2を閉じ込める地下貯蔵施設
litany,1.（宗教）祈祷の言葉、2.長々とした言葉,TIME,次世代のテクノロジーを表すlitany、遺伝子工学、メタバース、～、～とその後に長々と続いた単語を指して。
mothball,"1.（名）防虫剤、2,（動）お蔵入りする、（工場などを）停止する",TIME,スペースシャトルの運用をストップする文脈
gobble up,飲み込む、食べる,TIME,gobble up the local housing  スペースX社が地域の住宅を飲み込んで（購入して）従業員に住宅を提供する文脈
dalliance,戯れ、（男女の）いちゃつき,TIME,イーロンマスクの暗号通貨の戯れ
epitome,1.典型、2.要約,NYT,腐敗の典型である軍事産業に予算を使うなんてという文脈
untenable,（攻撃、反対に）防御できない、支持できない,NYT,パンデミックによる防ぎようがない混乱
altercation,口論,NYT,パンデミックで空港でのaltercationが増えた文脈
substance use,薬物使用,NYT,パンデミックで若者の薬物使用が増えた文脈
ostracize,（社会やグループから）追放する,NYT,
worship service,礼拝,NYT,パンデミック下の人々の利他行動の変化について
estrangement,疎遠、離別,NYT,パンデミック下での人々の境遇
flummoxed,混乱した、困惑した,NYT,H.I.Vウイルスのワクチン研究の難しさに困惑した科学者
happenstance,思いがけない出来事、偶然,NYT,
pipe dream,実現できそうもない夢、夢物語,NYT,mRNAワクチンについて実現できないだろうという文脈
virologist,ウイルス学者,NYT,
lipid,脂質,NYT,mRNAが壊れないように脂質の膜で包む
nascent,新生、発生しようとしている,NYT,nascent field 分子生物学の新しい分野についての文脈
epiphany,1.ひらめき、2.（キリスト教）公現祭,NYT,they had an epiphany mRNAの存在について彼らはひらめいた
shrug off,無視する、軽くあしらう　c.f. shrug「肩をすくめる」,NYT,長らく実現不可能だと無視されていたmRNAワクチン～の文脈
shithead,（俗）クソ野郎,進撃の巨人,
nape,うなじ,進撃の巨人,うなじを狙え！
lose one's marbles,気が狂う、ボケる,進撃の巨人,まだボケたわけじゃない
chug,（俗）一気飲みする、ごくごく飲む,進撃の巨人,
brawn,たくましい筋肉,とある魔術の禁書目録Ⅱ,more a man of brains than of brawn 筋肉よりは頭脳派だと思っていたんだがな！の文脈
coy,恥ずかしがりや,とある魔術の禁書目録Ⅱ,
osmatic,（形）嗅覚で方向を知る,とある魔術の禁書目録Ⅱ,
charade,見え透いたごまかし、下手な芝居,とある魔術の禁書目録Ⅱ,
meet one's Maker,死ぬ,とある魔術の禁書目録Ⅱ,
opium,アヘン,NYT,
binge,食べ過ぎたり、飲みすぎたりすること c.f. binge watching 一気見,NYT,Adderall binge アデロール（精神薬）の一気飲み
genealogy,家計、系譜,NYT,genetic genealogy 遺伝子系図
in the aughts,2000年代に、2000〜2009年に,NYT,2000年代において発展した遺伝子系図の分野では
off-label,（薬、治療法が）未承認の,NYT,犯罪捜査に民間の遺伝子検査で得られた情報を使う手法が未承認のなか、裁判に用いられた文脈
pro bono,無償で（専門家が善意で行う無償のボランティア活動）,NYT,彼女は無償で犯罪捜査を行っている
menagerie,展示された動物たち、多様な見知らぬ人々,NYT,見知らぬ人々の中から遺伝子を使って探し出す
informant,情報提供者,NYT,
fret,じれる、やきもきする、心配する,NYT,遺伝子を使った捜査をプライバシーの侵害だと憂慮する人
finagle,だまし取る、不正な手段で得る,NYT,一部では捜査機関の身分を隠してデータを取得する者もいた文脈
barb,1.（釣り針などの）返し、かかり、2. 痛烈な一言,NYT,
itemizer,（納税の時に）項目別控除を申請する人,授業,
sequin,スパンコール,授業,スパンコールを着た衣装を着たのは派手すぎる衣装は経費にできるから
trapezoid,台形,授業,グラフのこの台形の部分が～
dysentery,赤痢,授業,イギリスで窓税がかけられた結果窓を少なくする家庭が増えて寒気が悪くなって病気が増えた文脈
gangrene,壊疽,授業,
board up,（板で）塞ぐ,授業,窓税対策で窓を塞いだ文脈
asphyxia,（医学）窒息,とある魔術の禁書目録Ⅱ,魔術で気絶した人を科学サイドが解釈したとき
potency,効力、効能,とある魔術の禁書目録Ⅱ,
despicable,卑劣な、軽蔑に値する,とある魔術の禁書目録Ⅱ,
impasse,袋小路、行き詰まり,とある魔術の禁書目録Ⅱ,at an impasseで使われていた
gimpy,足を引きずった、足が不自由な,とある魔術の禁書目録Ⅱ,
defile,汚す,とある魔術の禁書目録Ⅱ,
cognate,1.同族の、2.（言語学）同じ語源の,とある魔術の禁書目録Ⅱ,
croquette,コロッケ,とある魔術の禁書目録Ⅱ,
hoodlum,(口)不良、チンピラ、やくざ,とある魔術の禁書目録Ⅱ,
bloodlust,殺意,鬼滅の刃,漂ってくる殺意がすごい文脈
mantis,カマキリ,鬼滅の刃,
grit,根性、度胸,鬼滅の刃,have relentless grit
be onto someone,（人の意図や秘密に）気づく,鬼滅の刃,be onto us こいつ・・俺たちの秘密に気づいているのか
tip the scales,局面を変える、決定づける,NYT,五輪誘致の局面を決定づけようと、ビデオメッセージを送った
white-knuckle,手に汗握る、恐怖を感じさせる,NYT,white-knukle chaos リオデジャネイロ五輪のゾッとする混乱
scion,1.若枝、2.（名門の）子孫、御曹司,NYT,マレーシアの開発会社の御曹司
underhanded,卑怯な、姑息な,王様ランキング,受けずにかわすのが卑怯だと
by your leave,お許しを得て、僭越ながら、ご免こうむって,王様ランキング,王子の前から立ち去るときに失礼しますで使われていた。
foreboding,（悪いことが起こる）予感,王様ランキング,
cot,ベビーベッド、折りたたみ式ベッド,NYT,ハンセン病患者の施設の描写
boulevard,大通り,NYT,the six-lane boulevard 6車線の大通り
lattice,格子,NYT,latticed gate 格子状の門
lodestone,磁鉄鉱、（磁石のように）引きつけるもの,論文,仮説というものは国際関係論において研究者を引きつける磁鉄鉱のようなものであるが
whacko,（間投詞）すごい！,論文,wacko world このすごい世界を理解できるだろう
sign language,手話,王様ランキング,
imbecile,（俗）馬鹿者、間抜け,王様ランキング,なくしものをした主人公にバカモノ！と
denizen,（文）居住者,王様ランキング,
sustenance,栄養、滋養,王様ランキング,
flat soda,気の抜けた炭酸水,王様ランキング,
marrow,骨髄、骨の空洞にある脂肪状の物質、血球を生成する,王様ランキング,
concoction,様々な材料の混合物、調合薬,王様ランキング,
sire,1.（動物のオスが）子をつくる、2.（名）動物のオス、3.（古）主君（王への尊称）,王様ランキング,主人公の父が子を作ることを求められる場面、王への尊称としての使われ方もされていた
bide one's time,好機を待つ,王様ランキング,今は危険なのでこの国から離れていろ
mope,ふさぎ込む、落ち込む,王様ランキング,
tongue-lashing,厳しい叱責,王様ランキング,
machination,陰謀、策略,NYT,
inure,慣れさせる（不快なものに）,NYT,受け身inuredで　 英国首相の騒ぎに慣れた人々も今回のパーティーは一線を超えたようであるの文脈
hardnosed,（話）鼻っ柱の強い、押しの強い,NYT,
apoplectic,（話）激怒した,NYT,激怒した様子の野党の議員
wallow,（動物が水たまりなどで）転げ回る、のたうち回る,NYT,教育は格差やアイデンティティーを超えていくためのもので決してそこでのたうち回るためのものではないという文脈
chromosomal,染色体の,NYT,出生前診断は染色体の構成を教えてくれるが～
round robin,総当たり戦,2022北京五輪,カーリング予選のやり方
infantry,歩兵,NYT,ウクライナ危機
ruse,策略、虚勢、トリック,NYT,ロシアの行動も戦争がしたいのではなくて、虚勢に違いないという文脈
brinkmanship,（話）瀬戸際政策,NYT,
foray,急襲、略奪,NYT,
bracing,すがすがしい、新鮮な,NYT,ウクライナの風景描写
quintessence,真髄、本質,数学のテキスト,この例が経済における動学問題の本質を説明している
sheath,刀の鞘,王様ランキング,
rinky-dink,（俗）ちゃちな、安っぽい,王様ランキング,主人公の剣をみた第一印象
pep talk,叱咤激励,王様ランキング,君がどれだけ頑張ろうとも周りの人は馬鹿にするだろう、それでも君は前をむくんだ～といった感じの話を指して
pipsqueak,（話）取るに足らないやつ、小物,王様ランキング,小さい主人公たちをちんちくりんと
nigh,ほとんど、近くに,王様ランキング,主人公がほぼ無敵だという文脈
blowhard,不愉快な調子で自慢を繰り広げる人、ほら吹き,王様ランキング,
dilate,（体の器官を）広げる、拡張する,王様ランキング,心房の血管の文脈
Godspeed,（旅人に）幸運を祈る,王様ランキング,別れのシーン
fawn,1.（名）子鹿、2.（動）ごまをする、ご機嫌をとる,王様ランキング,生まれたての子鹿みたいだな、動詞は別の語源からきた別の単語、新聞で観測
farce,茶番,王様ランキング,
mercenary,傭兵,王様ランキング,
level-headed,冷静な、分別のある,王様ランキング,
craven,臆病な、（名）臆病者,王様ランキング,
star-crossed,不運な、幸薄な,王様ランキング,
inseam,股下,その着せ替え人形は恋をする,採寸
totes,（話）≒totally マジ、めっちゃ,その着せ替え人形は恋をする,totally自体も若い女性が使う雰囲気らしい
cray,（俗）≒crazyの略,その着せ替え人形は恋をする,この場所まじクレイジーだよ!
doofus,（俗）バカ、アホ,その着せ替え人形は恋をする,女性下着店に戸惑う男主人公にヒロインが
bling,（俗）キラキラ輝く宝石、服,その着せ替え人形は恋をする,blingyの形で、ド派手な写真
effing,（俗）≒fucking 酷く、とても,その着せ替え人形は恋をする,fucking gorgeous とってもキレイという肯定で使われていた、語源はF-ing→effing
grin,笑う（特に歯をみせるくらいに）,その着せ替え人形は恋をする,
convo,（話）≒a conversation.,その着せ替え人形は恋をする,Most people would just end the convo with~ 大体の人は「それいいね」っていうだけで終わり
acupuncture,鍼、鍼灸,その着せ替え人形は恋をする,
awe,畏怖、畏敬,その着せ替え人形は恋をする,in awe of で私のコスプレ衣装にみんな見とれているのではという文脈
be psyched,（話）興奮する、アガる,その着せ替え人形は恋をする,まじアガるんだけど
be hype,（話）興奮する、アガる,その着せ替え人形は恋をする,I'm so hype めっちゃアガるの訳
in drag,異性の服を着た、女（男）装して,その着せ替え人形は恋をする,コスプレ撮影会の風景
last-ditch,土壇場の、窮地の（attmptなどと一緒に使って「最後の抵抗、ヤケクソ」）,鬼滅の刃,
headbutt,頭突き,鬼滅の刃,
fess,（話）confessの短縮、白状する,進撃の巨人,fess up の形で白状しなかったら～の
Orwellian,ジョージ・オーウェル的な、「1984年」みたいな監視社会を思わせる,NYT,失踪する老人のためにGPSやwifiで場所を特定できるようにする処置への反対意見
squiggle,くねくねした線,NYT,WiFiマークの描写
amputation,切断,NYT,アフリカに生息するカエルの再生能力の文脈
talon,かぎ爪（猛禽類のような）,NYT,アフリカに生息するカエルの再生能力の文脈
bar none,例外なく、まったく,NYT,
suitor,求婚者,NYT,白鳥の湖のストーリー
polka dot,水玉模様,とある科学の超電磁砲,パンツの柄
aphrodisiac,媚薬,とある科学の超電磁砲,黒子
it's only fair,~するのが筋だ、～するのが自然だ,とある科学の超電磁砲,プレゼントを買うのに付き合ったのだから、あげるところを見たいという文脈
quit on ~,～を見捨てる,とある科学の超電磁砲,Don’t quit on me 私を見捨てないで
carousel,ベルトコンベア,TOEIC,
groundbreaking,起工,TOEIC,
hit a snug,暗礁に乗り上げる、困難にぶつかる,TOEIC,
in bulk,大量に,TOEIC,
get going,急ぐ,TOEIC,
offhand,即座の、思いつきの,TOEIC,文頭Offhandでぱっと考えた中ではという意味になってた
As for,に関しては,TOEIC,
culinary,料理の（発音注意）,TOEIC,
landscaping,園芸、造園,TOEIC,
pedigree,血統、経歴,TOEIC,由緒ある銀行の説明
overhear,立ち聞きする、耳に挟む、（話者に気づかれずに聞く）,TOEIC,
patio,中庭（舗装されて、天井のない）,TOEIC,
lamppost,街灯,TOEIC,
groceries,食料品,TOEIC,
outgrow,大きくなりすぎる,TOEIC,outgrownでオフィスが手狭になったときに使っていた
cause,信念、大義（活動の）,TOEIC,noble cause で活動の崇高な理念的な意味
pointer,(話)ヒント、アドバイス,TOEIC,
retool,（設備などを）一新する,TOEIC,
cooperative venture,共同事業,TOEIC,
patron,図書館の利用者,TOEIC,
in-house,社内,TOEIC,
wheel-chair ramp,車いす用スロープ,TOEIC,
for the day,本日の、今日の,TOEIC,leave for the day で仕事を終えて帰る
publicize,宣伝する,TOEIC,
recreational vehicle,キャンピングカー,TOEIC,
public relation,広報,TOEIC,
connection flight,乗り継ぎ便,TOEIC,
be disruptive to,～に混乱を与える,TOEIC,toのあとに会議が来て、会議を混乱させた、be attentive to（～に耳を傾ける） も見かけた
testimonials,お客様の声,TOEIC,
two-way mirror,マジックミラー,TOEIC,
down payment,頭金,TOEIC,
best before,賞味期限,TOEIC,
decor,内装、室内装飾,TOEIC,
Why might ～？,疑問文、なぜ主語は～する可能性があるのでしょう？,TOEIC,問題文
part with ~,~を（しぶしぶ）手放す,TOEIC,
registrant,登録者,TOEIC,
gazette,1.新聞（新聞名に使われる）、2.官報,TOEIC,
or so,（文末について）～ぐらい、～ちょっと,TOEIC,an hour or so before 一時間ちょっと前に
on a daily basis,毎日のペースで、日々,TOEIC,
subcontractor,再委託業者、下請け業者,TOEIC,
prop up,に立てかける,TOEIC,
windowpane,窓ガラス,TOEIC,
entrée,(フランス)前菜、（アメリカ）メインディッシュ,TOEIC,
float,浮き輪、山車、神輿,TOEIC,フェスティバルでパレードカーが練り歩く
courtesy desk,サービスカウンター,TOEIC,
page,に連絡する、を呼び出す,TOEIC,
go over,調べる、確認する,TOEIC,
vouch,保証する,TOEIC,
squeeze in,もっとつめて、押し込む,TOEIC,忙しい人がスケジュールの合間にねじ込む文脈
far along,順調で,TOEIC,
have a nice ring to it,"響きがいい(niceの部分がfamiliar,negativeで意味が変わる)",NYT,It has a negative ring to it でフィンランドの人々に悪影響があるでしょう
cobble together,（有り合わせで）継ぎ接ぎする、寄せ集める,NYT,アフガニスタンの人々が親戚から集めたお金でなんとかせいかつする状況
posit,仮定する、断定する,NYT,賃金の上昇によるスパイラルがインフレの原因と断定する世論
hew,（斧などで）たたき切る,NYT,hewing で冷戦後の中立状態を叩き切る～フィンランドの状況
pancreatic cancer,膵臓がん,NYT,
lesion,怪我や病気で損傷した部位、損傷、病変,NYT,膵臓がんの病変がわかりにくい性質
courtesan,遊女、花魁,ゾンビランドサガ,
sign off,（手紙、スピーチを）締めくくる、締めの挨拶をする,ゾンビランドサガ,ゲリラライブの締めの挨拶
a slap on the wrist,軽い罰、叱責（本当はもっと厳しい罰が適当であるのにというニュアンス）,ゾンビランドサガ,
rancid,（油の）腐った匂いがする、悪臭のする,ゾンビランドサガ,
fortuitous,偶然の、思いがけない,ゾンビランドサガ,
half-ass,（俗）中途半端な、手を抜いた,ゾンビランドサガ,着せ替え～でも確認
dermal patch,皮膚パッチ、湿布　c.f.dermal「皮膚の」,ゾンビランドサガ,湿布をこう表現していた
cowabunga,（間投、話）やったぜ、うおお,ゾンビランドサガ,
jackass,（俗）クソ野郎,ゾンビランドサガ,
prick,チクリと刺す,ゾンビランドサガ,
mom-and-pop,家族経営の、夫婦でやってるような（夫婦でやってるような小さい店を形容）,ゾンビランドサガ,
grody,（話）汚い、最低な、吐き気がする,ゾンビランドサガ,
Let’s rock!,始めようぜ！、行こうぜ！,ゾンビランドサガ,
dry run,リハーサル,ゾンビランドサガ,語源は消防士の水を撒かない訓練から
klutz,（口）不器用な人、おっちょこちょい、どじ,ゾンビランドサガ,
firecracker,爆竹,ゾンビランドサガ,
numb-nuts,（俗）ばか、愚か者,ゾンビランドサガ,
daft,（俗）1.気が狂った、おかしくなった、2.夢中になった、熱中している(about),ゾンビランドサガ,go daft で事故の思い出がフラッシュバックしてパフォーマンスができなくなったヒロインに
rolling sobat,（プロレス）ジャンプしながらの回し蹴り,ゾンビランドサガ,
from the get-go,最初から、get-go「最初」,ゾンビランドサガ,
squirt,1.（液体の）吹き出し、2.（俗）ちび、小僧,ゾンビランドサガ,小学生のメンバーに対してヤンキーキャラが
fella,（話）≒fellow,ゾンビランドサガ,
turf,芝生,ゾンビランドサガ,
sleepover,（子供が友達の家で）外泊すること,ゾンビランドサガ,
settle a score,仕返しする,ゾンビランドサガ,
mop the floor with,～を完膚なきまでにぶちのめす,ゾンビランドサガ,
wuss,（俗）臆病者、怖がり,ゾンビランドサガ,
eat someone's dust,～の後塵を拝する、～に遅れを取る,ゾンビランドサガ,
go south,悪化する、好ましくなくなる,ゾンビランドサガ,
popsicle,（棒付きの）アイスキャンデー,ゾンビランドサガ,
skittish,（動物が）驚きやすい、臆病な,ゾンビランドサガ,イノシシの子がすぐ逃げて捕まえにくい時
drool,よだれ,ゾンビランドサガ,涙じゃなくてよだれ！
goof off,サボる、怠ける,ゾンビランドサガ,
hot under the collar,（口）怒って、かんかんで,ゾンビランドサガ,
smartass,（卑）知ったかぶりする人、知識をひけらかす人（≒know-it-all）,ゾンビランドサガ,
pull a muscle,肉離れを起こす,ゾンビランドサガ,主人公の運動会での経験
in the nick of time,ぎりぎり間に合って、間一髪,ゾンビランドサガ,
sisterhood,姉妹関係、女性同士の仲,ゾンビランドサガ,
turnout,（パーティーなどの）出席者、人出,ゾンビランドサガ,ライブに来た人々
cower,（恐怖で）縮こまる、萎縮する,ゾンビランドサガ,
horseshoe crab,カブトガニ,ゾンビランドサガリベンジ,
sell like hotcakes,飛ぶように売れる,ゾンビランドサガリベンジ,CDが売れた
pope's nose,（俗）（食材）鳥の尻,ゾンビランドサガリベンジ,
milord,（英国）閣下、旦那様,ゾンビランドサガリベンジ,
haywire,（話）取り乱して、めちゃくちゃな、手に負えなくなった,ゾンビランドサガリベンジ,go haywire 大失敗に終わったライブを指して
numbskull,（俗）ばか、とんちき,ゾンビランドサガリベンジ,
it's curtains for you,一巻の終わりだ、おしまいだ,ゾンビランドサガリベンジ,
Finlandization,フィンランド化,NYT,ロシアのウクライナ侵攻の妥協点としてフィンランド化を挙げる文脈
bridle,抑える,NYT,フィンランド化について言及するのを抑える
serf,農奴,NYT,ロシア帝国の農奴解放
hipster,（話）流行に敏感な人,NYT,
throwback,逆行、先祖返り,NYT,ロシアの言いなりになっているのは先祖返りだという主張
scout,偵察、探し回る,NYT,アフガニスタンから難民が出国する際、兵士がいないか警戒しながら進む文脈
barbed wire,有刺鉄線,NYT,
tatters,ボロきれ、擦り切れた紙や布,NYT,擦り切れた紙幣を両替する商人
mortar,迫撃砲,NYT,
sputter,燻る、パチパチ弾ける,NYT,
chute,シュート、物を下ろすスロープ,NYT,スノーボードのハーフパイプの比喩表現
cull,間引く、選り抜く,NYT,コロナ後でテクノロジー業界においても淘汰が進む文脈
head in the sand,嫌な現実から目を背ける、不都合なことについて思考放棄する,NYT,
catch flack,批判を受ける（flakのパターンがある）,NYT,
gaffe,失敗、失言,NYT,皆保険制度への移行は失敗だとする言説への反論
belabor,"1.誰かを攻撃する（言葉で）,2,長々と論じる",NYT,
olfactory,嗅覚,NYT,人類の嗅覚は進化の過程で変化してきたのではないかという記事
musk,ジャコウ（香料）,NYT,人間が備える受容体の標的
fecal,糞便,NYT,
Polychaete,多毛類,NYT,
Annelid,環形動物,NYT,
staffer,（staffが集合を表すのに対し）一人のスタッフ,TIME,彼はアメリカの教育問題を扱うNPO団体のメンバーだと紹介する状況
insurrection,暴動、反乱,TIME,Jan.6 insurection 大統領選挙をめぐる国会議事堂選挙事件
be the toast of,～のあいだでとても人気がある,TIME,前回大会金メダルのアメリカのカーリング代表
disparage,1.を軽んじる、見くびる、2.を中傷する,NYT,社内メールで高齢の社員を誹謗中傷する文脈
trove,発見、収集品,NYT,年齢差別をしたかが争点の裁判で、社内文書からの発見として問題発言を挙げる文脈
class action,集団訴訟（アメリカの被害者なら誰でも賠償金を受け取れる仕組み）,NYT,原告の弁護士がリストラされた従業員たちの共通点を整理して集団訴訟が認められるようにする文脈
severance package,退職手当,NYT,退職手当と交換条件で訴訟しないことを誓約させたという原告の主張
fief,（封建制の）封土,NYT,国内の自治領の首相が独立しない代わりに大統領から権限を与えられる構図を指して
roundup,1.一斉検挙、2.（ニュースなどの）まとめ,NYT,反体制派の一斉検挙
henchman,子分、手下、陰謀に加担する人,NYT,
lay bare,あらわにする,NYT,
lest,（接続詞、文語）～しないように、～するといけないから,NYT,ウクライナ国内で、預金の引き出しなどのパニックが起こらないように
tirade,長く怒気のこもった批判の演説,NYT,ウクライナ大統領が俳優時代に出世作となった作品が腐敗に対する長台詞が特徴である文脈
take pains to,苦心して～する,NYT,ウクライナは国際社会へのアピールとして苦し紛れに大統領がユダヤ系のルーツを持つことを挙げるのみである文脈
on a tear,好調で,ネット記事,好調であった鉄鉱石市場も～
wobble,ぐらぐらする、（不安定な様子で）揺れる,ネット記事,
bearish,（株式）（相場に）弱気の,ネット記事,
aficionado,（熱心な）愛好家,ネット記事,注意深いChromeOS愛好家でもChromeOS Flexとの違いは見分けられないだろう
vandalism,破壊行為,NYT,デモにおける破壊行為
orgy,乱交パーティー、(orgy ofで)～のやりすぎ、乱行,NYT,orgy of arson and lootingで放火略奪の横行、保守メディアが描くBLMデモ活動
arson,放火,NYT,
hobble,足を引きずって歩く、足を引きずらせる,NYT,カナダにおける道路封鎖デモが産業を停滞させる文脈
bubonic plague,腺ペスト,NYT,中世におけるペストの流行は、今まで言われていたよりも穏やかな流行だったのではないかという新説
contrarian,多数派とは異なる意見を持つ人、逆張りする人,NYT,ピーター・ティールの政治思想
well-heeled,（話）裕福な、金持ちな,NYT,政治パーティーの参加者
traffic,（動詞）（特に違法なものを）商う、売買する、取り扱う（in）,NYT,traffic in the conspiracy theories で陰謀論を主張する極右候補者を彼は支援
pillage,略奪（特に戦時の）,NYT,既得権益からの略奪
hopeful,(名)有望な人,NYT,hopefuls で有力候補者たち
high-stakes,いちかばちかの,NYT,ウクライナをめぐる状況
careen,1.早く動く、突進する（制御が取れない様子で）、2.（船が）傾く,NYT,国家間の腹の探り合いがエスカレートして事態が制御できなくなってしまう、ぐらぐらする
ploy,（狡猾な）策略、権謀,NYT,ロシアが開戦の口実を捏造することを指して
foreclose,1.（担保）を差し押さえる、2.除外する、防止する,NYT,foreclosing an offramp from war ロシアの行きすぎた策謀は、西洋諸国にロシアと交渉の余地はないと思わせるので、戦争からの出口を閉ざす可能性がある
off-ramp,（高速からの）出口車線,NYT,大国間の危機の出口、畳み方
rejigger,（話）を改変する、調整する,NYT,迎撃ミサイルを少しいじれば攻撃目的で使えるのではという疑念
gobsmacking,（話）非常に驚くような,NYT,GAFAの驚くべき成長
interceptor missile,迎撃ミサイル,NYT,ロシアとアメリカの核抑止力の無効化
muddle through,やってのける,NYT,
ratuing,視聴率,NYT,北京五輪の視聴率
pirouette,（バレエ）つま先で旋回する,NYT,競技の比喩
reek,嫌な匂いを発する（≒stink）,NYT,
spook,（動）～を怖がらせる、（名）幽霊,NYT,投資家を怯えさせる様々なイベント（ウクライナ、半導体etc）
in the scheme of things,物事の成り立ち上,NYT,
broom,ほうき,NYT,カーリングブラシの名称もbroom
rake,（名）熊手、（動）熊手で掻く,NYT,
contraption,仕掛け、装置（奇妙な、必要以上に複雑な）,NYT,カーリングで使われるrock moverという装置を指して。ストーンを横一列に並べてそれらを抑えながら掻いて氷を慣らす仕掛け
canister,円筒状の貯蔵容器,NYT,カーリングで水をまく際に使用するタンク
natatorium,屋内プール,NYT,カーリングの会場は水泳会場を改装して作られた
squat,（動）スクワット、居座る、（形）ずんぐりした,NYT,squat apartments という形で見た、ずんぐりした建物か
bubble tea,タピオカミルクティー,NYT,台湾の風景
rendition,演奏,NYT,台湾のゴミ収集はエリーゼのためのメロディーが流れる文脈
fuss over details,細かいことにこだわる,NYT,
flop,（話）大失敗,NYT,トランプが中国と結んだ米国製品を買うという合意が守られておらず失敗に終わったとする文脈
chump,ばか、だまされやすい人,NYT,トランプを批判する文脈
post-mortem,死体解剖、事後分析,NYT,トランプの通商政策の検視解剖（事後分析）
pounce,とびつく,NYT,保守層が飛びつきがちな保護主義的な通商政策
hanger-on,居候、取り巻き、厄介者,NYT,4つの衛星を持つ小惑星が発見された記事のタイトル、小惑星につきまとう衛星をhanger-onと
oblong,（丸みを帯びた）長方形、楕円形,NYT,小惑星の形
transfixed,釘付けになる、（恐怖で）立ちすくむ,NYT,transfixingの形でOpabiniaという古生物の見た目が宇宙生物みたいでギョッとすることを形容
Arthropod,節足動物,NYT,見つかった古生物が節足動物の痕跡を残している
complication,合併症,NYT,香港の高齢者がコロナワクチンを打たない理由に合併症の懸念が挙げられていた
hyperbole,誇張,NYT,大統領がロシアがウクライナ侵攻を開始するだろうと発表した際に、戦争を回避できるならこの発表が誇張や恐怖を利用しようとしているとみられても構わない旨の発言
fear-mongering,恐怖を強調して自分の政策を進めようとすること,NYT,ショック・ドクトリン的な。戦争を回避できるならこの発表が誇張や恐怖を利用しようとしているとみられても構わない旨の発言
voyeurism,覗き,その着せ替え人形は恋をする,入浴シーン
hella bomb,超最高！　hella=hell of 超  bomb  最高、最悪,その着せ替え人形は恋をする,おみやげで貰ったプリンがまじヤバい
castrate,去勢する,進撃の巨人,
kick the bucket,（俗）死ぬ、くたばる,進撃の巨人,まだくたばる訳には
horde,大群,進撃の巨人,巨人の大群
prophet,預言者,NYT,メリトクラシーの語を生み出した作家の預言
scrape along,なんとか生きていく、(scrape byの形も),NYT,インテリ層でも生活に困っている例はあるがという文脈
stipend,奨学金,NYT,
doxxing,個人情報をインターネットに晒すこと,NYT,デモ活動者の情報を晒せという声
courtship,求婚、求愛、ラブコール,NYT,Spotifyがポッドキャスト配信者を熱心にオファーした文脈
20-odd years,20余年、-oddで~余り,NYT,
treason,(国家への)反逆、背信,NYT,プーチン
crony,(俗)(蔑)ぐる、親友,NYT,プーチンの友達のならず者国家の元首たち
wonk,(俗)ガリ勉、おたく、マニア,NYT,クルーグマンが同業の経済学者への呼びかけで
statefood,国家の地位、独立国家として認識された状態,NYT,ウクライナ
fatigue,作業着、軍服,Guardian,in fatigue 軍服を纏った部隊がカナダの道路封鎖デモを制圧
scuffle,小競り合いを起こす,Guardian,カナダの道路封鎖デモ
b/c,becauseの略（bcの形でも）,Guardian,
gloss over,ごまかす、上辺を取り繕う,Guardian,駐米ロシア大使がベラルーシでの軍事演習を自衛のためだとごまかす
riposte,反論、素早い応酬,Guardian,トランプのツイッター対抗のSNSを指して
veracity,正直さ、正確さ、真実,Guardian,トランプ氏の真実との戦い（虚偽発言を皮肉って）
subpoena,召喚状,Guardian,Jan 6 insurrection (国会議事堂デモ)にその政治家が参加していた疑惑で、その政治家を委員会に召喚する文脈
disconcerting,当惑させる、不安にさせる,Guardian,disconcerting question 彼の州務長官への立候補は、不安材料となる疑念をもたらす（＝選挙結果を捻じ曲げるのでは？）
vet,（動）審査する、調査する,Guardian,vet the legal status　選挙候補者の審査ができる州務長官にトランプ派の政治家が立候補した記事
nutty,（俗）気の狂った,Guardian,政治家の風変わりな様（カウボーイハット、あごひげ、主張）を指して
legal tender,法定通貨,Guardian,政治家は法定通貨であるからと金にかかる取引を減税しようとした
due diligence,投資に行う前の事前調査（リスク、社会的責任etc…）,Guardian,スイスの銀行の不祥事でスイス全体が格下げされることでドゥーディリジェンスにされたときに不利になる。
tranche,一部分（特にお金）,ネット記事,a first tranche of sunctions ロシアへの制裁第一弾が開始された
oligarch,ロシアの新興財閥,ネット記事,制裁の対象にロシア財界も含まれた
placeholder,一時的においた仮のアイデア、役職,ネット記事,SF6のロゴが既存のロゴと似ていた件で発表されたロゴは仮案であるのかもしれないが～という文脈
pitch-black,真っ黒,ネット記事,Google検索のダークモードが以前よりも黒くなった記事
demarcation,境界策定、なにかの境界を決めること,sky news,sky news ウクライナとロシア
moron,(俗)ばか、まぬけ,ゾンビランドサガリベンジ,
cue card,カンペ,ゾンビランドサガリベンジ,
mudskipper,（生物）ムツゴロウ,ゾンビランドサガリベンジ,
segue into,スムーズに移行する,ゾンビランドサガリベンジ,カンペ「do a nice segue into going around」 でいい感じに辺りの紹介へ移ってという場面
be out to get someone,～をやっつけようと躍起になる,ゾンビランドサガリベンジ,自分が世界から攻撃されているように思っていた思春期
codger,（変な、エキセントリックな）老人（old codgerの形で）,ゾンビランドサガリベンジ,
brushoff,スルー、無視,ゾンビランドサガリベンジ,私、無視されたわけじゃないよね？
mamacita,（メキシコ）かわいこちゃん、イケてる女の子,ゾンビランドサガリベンジ,ギターへの愛称として
one’s very own,我らが～、あの！～（愛着や強調を表す）,ゾンビランドサガリベンジ,Tokyo's very own～ で佐賀の人から見て、東京から来た！彼女たち！という紹介で
moxie,勇気、元気,ゾンビランドサガリベンジ,
peons,（中南米）農民、つまらない仕事をする人,ゾンビランドサガリベンジ,
yokel,（俗）（蔑）田舎者,ゾンビランドサガリベンジ,
dang it,くそ！ちくしょう！（damn itの婉曲）,ゾンビランドサガリベンジ,
cop-out,（俗）責任逃れ,ゾンビランドサガリベンジ,文化祭の行事を去年と同じものすることについて
magistrate,治安判事、奉行,ゾンビランドサガリベンジ,
keister,(俗)お尻、ケツ,ゾンビランドサガリベンジ,
MIA,（missing in action） 行方不明者,ゾンビランドサガリベンジ,
behest,命令、要望,ゾンビランドサガリベンジ,at my behest 自分が強行した無茶なライブが失敗したことを謝罪したときに
bank on,当てにする、頼る,ゾンビランドサガリベンジ,bank on our momentum 今度は勢い任せじゃないように
exhume,（墓を）掘る,ゾンビランドサガリベンジ,
tarp,防水シート、ビニールシート（＝tarpaulin）,ゾンビランドサガリベンジ,
dead set on ~,～すると決意している,ゾンビランドサガリベンジ,dead set on working 
cold,(形)ぶっつけ本番の,ゾンビランドサガリベンジ,come in cold ライブをぶっつけ本番でやる文脈
shrapnel,爆弾の破片,sky news,
autotomy,自切（トカゲの尻尾切り）,NYT,トカゲの尻尾きりのナノ構造
pelvis,骨盤,NYT,恐竜の腸にはその生物の骨盤が大きすぎる
bowels,腸,NYT,
idle boast,口先だけの自慢,NYT,no idle boastでロシアには口先だけでなく強く退治する必要
statecraft,外交手腕、政治的手腕,NYT,慎重な外交が求められる
heady,酔わせる、くらくらさせる、有頂天の,NYT,アメリカが世界の警察だった頃のheadyな考えからの転換
skirmish,～と小競り合いをする,NYT,ロシア
vassal state,付庸国、従属国,NYT,
tailspin,崩壊する、制御できなくなる（経済などが）,NYT,ロシアからの報復で経済が混乱する恐れ
run-up,(話)準備期間、直前,NYT,戦争が始まる前の段階
Molotov cocktail,火炎瓶,Guardian,ウクライナ
shell,（軍事）炸裂弾、破裂弾、(動)～を砲撃する,Guardian,ウクライナ
reading,（メーター、分析結果などの）数値,Guardian,天気予報でCO2濃度の数値、とある魔術やNYタイムズでも
vitriol,辛辣な言葉、罵詈雑言,Guardian,ロシアからウクライナ大統領への罵倒
amphibious landing,上陸作戦 c.f.amphibious 水陸両用の,Guardian,
swingeing,厳しい、途方も無い,Guardian,the U.S. imposed swingeing new sanctions
flak jack­ets,防弾チョッキ,Guardian,
clampdown,取り締まり,Guardian,crack down は行為自体を取り締まるclamp downは対象そのものを取り締まる
martial law,戒厳令,NYT,enact martial law ウクライナの18~60までの男子が国にとどまる内容の戒厳令を発令
quagmire,泥沼、（抜け出せない）苦境,NYT,泥沼の時代という使われ方をしていた
despotic,独裁的な、専制的な,NYT,拉致問題の意見広告、このような酷いことができるのはこの独裁的な君主だけだ
dismember,1.手足を切断する、2.（領土・組織を）分割する,NYT,ウクライナの分割
call someone's bluff,～のハッタリに挑む、受けて立つ,NYT,ロシアと米国について
parole,仮釈放、（米国）臨時入国許可,NYT,Humanitarian Parole ウクライナ難民を人道的観点から入国許可を出すか検討する文脈
in a matter of months,数ヶ月のうちに　(matter of 時間 で数週間、数時間という意味に),NYT,
sham,偽物、ごまかし,NYT,hypocritical sham 世界中の独裁者がヨーロッパの人権への取り組み偽善のまがい物と批判する文脈
up for grabs,≒available、1.簡単に手に入る、2.誰が勝つかわからない,NYT,ロシアの侵攻によってヨーロッパのパワーバランスが不安定になる（誰が勝つかわからない）文脈
in limbo,宙ぶらりんになって、不安定な状態になっている,NYT,難民の状況
triad,1.三組、3つ、2.（軍事）戦略爆撃機、ICBM、潜水艦発射弾道弾の3つセット,NYT,戦争
logjam,渋滞,NYT,難民らの渋滞
hunker down,しゃがみ込む、身を潜める、避難する,NYT,ある難民が身を潜めていた文脈
caesarean section,帝王切開,NYT,難民の境遇
~ of sorts,ある種の～,TIME,herd immunity of sorts オミクロンで株価が下がらなくなったことについて、投資家たちもある種の集団免疫をつけたようだと
tail wind,追い風,TIME,今後、好調になる業界について
military junta,軍事政権,TIME,ブルキナファソの軍事政権
putrid,腐敗した、悪臭を放つ,TIME,putrid pustule 産業革命期、パリの川の油などで汚染した様子を比喩
pustule,膿疱、吹き出物,TIME,putrid pustule 産業革命期、パリの川の油などで汚染した様子を比喩
spay,（メスの動物に対して）去勢する、卵巣を取り除く,TIME,犬の記事、spay and neuterとセットの言葉として、動物愛護の観点から推奨する動き
neuter,（オスの動物に対して）去勢する,TIME,spay and neuterとセットの言葉として、動物愛護の観点から推奨する動き
rabies,狂犬病,TIME,
MSRP,メーカー希望小売価格,ネット記事,グラボが定価で買えるようになるかもという文脈
banger,（スラング）くっそいい曲,初音ミク,つべのコメ欄
lowly,身分の低い、卑しい,とある科学の超電磁砲,自分が庶民であることを指して
brown-noser,(話)ごますりをする人,とある科学の超電磁砲,
grovel,腹ばいになる、卑屈な態度を取る,とある科学の超電磁砲,お嬢様学校を褒めそやすことを、卑屈になっていると
puddle,水たまり,とある科学の超電磁砲,
best,（動）（話）を出し抜く、上回る,とある科学の超電磁砲,
bangs,前髪,とある科学の超電磁砲,
doze off,ウトウトする、居眠りする,とある科学の超電磁砲,
naiveté,素朴さ、うぶ,とある科学の超電磁砲,
sultry,蒸し暑い,とある科学の超電磁砲,
sicko,（俗）狂人、変人,とある科学の超電磁砲,
rebellious phase,反抗期,とある科学の超電磁砲,
weasel out,（責任、約束を）回避する、逃れる,とある科学の超電磁砲,
placticality,実用性,とある科学の超電磁砲,
exhibitionist,目立ちたがり、露出狂,とある科学の超電磁砲,
stragggler,集団から遅れた人、落ちこぼれ,とある科学の超電磁砲,初春さんの自己分析
conviction,信念,とある科学の超電磁砲,
headstrong,頑固な、強情な,とある科学の超電磁砲,headstrong nuts about them
flinch,ひるむ、たじろぐ,とある科学の超電磁砲,
duck,（打撃などを）かわす、（責任などから）逃れる,とある科学の超電磁砲,duck your responsibility
condescending,見下すような、恩着せがましい,とある科学の超電磁砲,黒子がわたしはジャッジメントだから～と主人公に治安維持活動をさせないことに対して
blabbering,（くだらないことを）つべこべしゃべる,とある科学の超電磁砲,
fluster,動揺させる、慌てさせる,とある科学の超電磁砲,
dough,1.パン生地、2.（口）お金,とある科学の超電磁砲,カツアゲするときに、金出せの文脈
throw a pity party,慰め会を開く、傷の舐め合いをする,とある科学の超電磁砲,
grouchy,（話）不機嫌な、機嫌の悪い,とある科学の超電磁砲,
synesthesia,共感覚,とある科学の超電磁砲,
shaved ice,かき氷,とある科学の超電磁砲,
rebar,鉄筋,とある科学の超電磁砲,
sponge bath,（療養中の人などが風呂の代わりに）手ぬぐいやスポンジで体を拭くこと,とある科学の超電磁砲,
trauma,外傷,とある科学の超電磁砲,head trauma頭部の外傷
worrywart,（俗）心配性の人,とある科学の超電磁砲,
every nook and cranny,隅々まで,とある科学の超電磁砲,
columns,（建物）柱、（軍隊）隊列,とある科学の超電磁砲,柱を崩して、建物を崩壊。ウクライナ情勢でもロシア軍の60kmの隊列の文脈で使われていた。
do you in,殺す、やる、打ち負かす,とある科学の超電磁砲,相手がどんな能力かわからないままやられる文脈
scrawny,痩せこけた、ガリガリの,とある科学の超電磁砲,scrawny scientist、痩せこけた科学者が怪しい文脈
comatose,昏睡した、意識のない,とある科学の超電磁砲,
byproduct,副産物,とある科学の超電磁砲,
anticlimactic,拍子抜けする、あっけない結末の,とある科学の超電磁砲,
fussy,好き嫌いが激しい、小うるさい,とある科学の超電磁砲,人参を好き嫌いする文脈、おおかみこどもでも食べ物の好き嫌いで出てきた
fetus,胎児,とある科学の超電磁砲,
As if on cue,まるで合図があったかのように,とある科学の超電磁砲,患者が一斉に苦しみだすシーン
nucleus,核,とある科学の超電磁砲,
live ammo,実弾,とある科学の超電磁砲,
dermatologist,皮膚科医,とある科学の超電磁砲,日焼け止めの話
freckles,そばかす,とある科学の超電磁砲,日焼け止めはそばかすを隠してくれる
chip in,貢献する、持ち寄る,とある科学の超電磁砲,後輩たちに一緒に演技する（貢献）ように言うシーン
take it ~,～だと思う,とある科学の超電磁砲,あら、あなたはもっと大人びた服を好むのだと思っていたわ
sarong,（服）サロン（東南アジアの腰から足にかけて長い布をまとう服装）,とある科学の超電磁砲,水着回
off the rack,（服）既製の、レディメイド,とある科学の超電磁砲,
rave,褒めちぎる、べた褒めする,とある科学の超電磁砲,
plebeian,平民,とある科学の超電磁砲,こんごうさん
burdock root,ゴボウ,とある科学の超電磁砲,
have seconds,お代わりをする,とある科学の超電磁砲,
gripe,不満を言う、愚痴をこぼす,とある科学の超電磁砲,つべこべ言ってんじゃねえよ！
smart off,生意気な口をきく、舐めた口を利く,とある科学の超電磁砲,小萌先生
put someone through the wringer,～をしごく、（wringerが昔の洗濯機の絞りを意味、ringerの形も）,とある科学の超電磁砲,
sulk at,拗ねる、不機嫌になる,とある科学の超電磁砲,sulk at the rest of world 世を拗ねひがんだ～　不良グループの描写
if you want my opinion,（話）率直に言わせてもらうと,とある科学の超電磁砲,
pick on,からかう、ちょっかいだしていじめる,とある科学の超電磁砲,女の子にちょっかい出してんのか
hot and bothered,1.熱くなっている、2.性的に興奮している,とある科学の超電磁砲,黒子の妄想
be up to no good,悪さを働く、よくないことを企む,とある科学の超電磁砲,
vigilante,自警団のメンバー,とある科学の超電磁砲,
sidekick,相棒,とある科学の超電磁砲,
You can't put a price on~,~に値段なんてつけられない、～はとても大事だ,おおかみこどもの雨と雪,
in the grand scheme of things,長い目で見れば,おおかみこどもの雨と雪,残してくれたお金も、長い目で見たら全然足りなかった。
pediatrician,小児科医,おおかみこどもの雨と雪,
It's anyone's guess,誰にもわからない,おおかみこどもの雨と雪,
be out of someone's hair,手を煩わせることなく,おおかみこどもの雨と雪,すぐ終わりますから！
snap up,手に入れる、飛びつく,おおかみこどもの雨と雪,田舎暮らしに飛びつく
throw in the towel,（口）降参する、負けを認める,おおかみこどもの雨と雪,田舎暮らしの不便さに
for a song,格安で、二束三文で,おおかみこどもの雨と雪,古民家
scarecrow,かかし,おおかみこどもの雨と雪,
slowpoke,(話)のろま,おおかみこどもの雨と雪,ポケモンのヤドンの英語名もslowpoke
fraidy-cat,（話）いくじなし,おおかみこどもの雨と雪,
rile up,(話)激怒させる,おおかみこどもの雨と雪,
furrow,（農業）畝、耕したすじ,おおかみこどもの雨と雪,
worth a darn,全然だめ（worth a damnの形も）,おおかみこどもの雨と雪,
boonies,≒boondocks　ど田舎,おおかみこどもの雨と雪,
shoestring budget,わずかな予算,おおかみこどもの雨と雪,自然保護のレンジャーの
feral,野生の,おおかみこどもの雨と雪,野生の狼
play hooky,サボる,おおかみこどもの雨と雪,今日は休み？ううん。サボり？うん！
Old Maid,ババ抜き,おおかみこどもの雨と雪,
scrounge,(俗)(食料などを)あさる、せびる,おおかみこどもの雨と雪,給食室から食料をとって生きていく
graft,接ぎ木する、移植する,加藤純一,エルデンリング配信、接ぎ木のゴドリック
germinated,発芽する,Science Illustrated,a majestic kauri trees germinated on the North Island 木が発芽する文脈
marsupials,有袋類,Science Illustrated,地磁気逆転の影響で有袋類が絶滅したとみられる
chondrites,コンドライト（隕石の種類）,Science Illustrated,炭素、水の由来が隕石だった記事
cardiovascular,心臓と血管に関する,ヱヴァンゲリヲン新劇場版:Q,cardiovascular and lung function 心肺機能が正常である文脈
torpedo,魚雷,ヱヴァンゲリヲン新劇場版:Q,
maiden name,旧姓,ヱヴァンゲリヲン新劇場版:Q,碇ユイ
twisted,ひねくれた性格の,鬼滅の刃,性悪女
bad-news,（人が）不快な、厄介な,鬼滅の刃,あいつはヤバいという意味で使われていた
stick out like a sore thumb,ひどく目立つ、場違いである,鬼滅の刃,look like a sore thumb 善逸の髪色が目立ってる文脈
pilfer,くすねる、盗む（比較的価値の低いものを）,進撃の巨人,兵団の食料庫からくすねてきた
locomotive,機関車,進撃の巨人,
smithereens,(口)木っ端微塵、破片,進撃の巨人,ボートを木っ端微塵に爆破する文脈
swanky,(口)洒落た、高級な,その着せ替え人形は恋をする,撮影スタジオ、swankyなスタジオはclean you out(無一文にする)する
bang for one's buck,(俗)費用対効果、費用に見合うだけの価値,その着せ替え人形は恋をする,フェイステープの使用において最も費用対効果が得られる使いみちが、キャラに合った目の形に変えられることだという文脈
crush course,短期集中コース、特訓,その着せ替え人形は恋をする,カメラの使い方を教えてもらう会
DSLR camera,デジタル一眼レフカメラ,その着せ替え人形は恋をする,
Klepto ~,（接頭辞）盗み癖のある,その着せ替え人形は恋をする,Klepto buzzardハンバーガーを盗んだ鳥
buzzard,（コンドル・タカなどの）猛禽,その着せ替え人形は恋をする,ハンバーガーを盗んだ鳥
sea otter,ラッコ,その着せ替え人形は恋をする,
deffo,≒definitely,その着せ替え人形は恋をする,
fetch,(口)素敵、いい,その着せ替え人形は恋をする,It's so fetch!　素敵、ヤバい！ コスプレ衣装を指して
totes magotes,もちろん、オッケー,その着せ替え人形は恋をする,次はウイッグの確認をしようかという提案への返事
bobby pin,ヘアピン,その着せ替え人形は恋をする,
day of,当日,その着せ替え人形は恋をする,could you keep this secret until day of? ゾンビランドサガでは当日券を表すのに使われていた
hemming,裾上げ,その着せ替え人形は恋をする,
eventuate,～の結果になる,その着せ替え人形は恋をする,the shirt still eventuates your curves シャツを着ても胸の曲線は隠せない
circumference,外周、円周,その着せ替え人形は恋をする,head circumference 頭周り、頭囲
nerve-racking,とても緊張する、はらはらする,その着せ替え人形は恋をする,ウィッグのカット作業はとても緊張する文脈
ray of sunshine,（話）周りの人を幸せにする人、明るい人,その着せ替え人形は恋をする,喜多川さん
yabbos,(口)胸　,その着せ替え人形は恋をする,胸が大きい人が男装して、胸どこに消えたの？
schtick,（俗）工夫、ギミック,ネット記事,プログラマーには自分独自の工夫を思いつかないといけない瞬間がある
a small fortune,（口）かなりの金額、大金,ネット記事,いいノイキャンを得るには普通かなりの額をかけないといけないが、～
interdict,（命令によって）禁止する、2.（軍事)（補給や進行を）遮断する、妨げる,Guardian,ロシアが西部の軍事基地を攻撃した理由として、西側の援助を遮断したい思惑。
fracking,水圧破砕（シェールガス採掘の際使われる技術）,Guardian,ウクライナ危機で環境負荷の高いfrackingに各国が頼ってしまうのではないかという危惧
bough,木の枝、大枝,ゲド戦記Ⅰ,
hoe,クワ、鍬,ゲド戦記Ⅰ,hoes and rakes　くわと熊手
forge bellows,鍛造用ふいご,ゲド戦記Ⅰ,
rankle,(言葉や事実が人を)苦しめる、心に食い込む,ゲド戦記Ⅰ,
yew,(植物)イチイの木,ゲド戦記Ⅰ,
makings,素質、才能,ゲド戦記Ⅰ,he has the makings of power 彼は魔術の才能があることを叔母がきづく文脈
purpose-built,専用の、~向けの,ネット記事,Purpose-built for users across~  チップセットがウインドウズや、クロームOS向けに設計されている文脈
sleuthing,探偵活動、推理,ネット記事,未発表のチップについての噂を検討する文脈
flaky,（発音注意）１．薄片状の、２.(俗)当てにならない、再現性が低い、３.気の狂った,ネット記事,Asahi Linuxアルファ版のバグ紹介、バグの再現性が低いことをa flakiness issue と。
screenplay,脚本,ネット記事,"BBC,ドライブ・マイ・カー監督へのインタビュー記事"
chauffeur,おかかえ運転手,ネット記事,"BBC,ドライブ・マイ・カー監督へのインタビュー記事"
off-putting,（話）不快な、困惑させる,ネット記事,"BBC,ドライブ・マイ・カー監督へのインタビュー記事、3時間超えの映画は通常観客を煩わせる"
trounce,１．倒す（試合などで）、２．きつく叱る,ネット記事,AMDのCPUが他社製品を性能で上回る文脈
play the martyr,殉教者を演じる、やせ我慢する、自分が可愛そうな状況に居るように振る舞う,とある科学の超電磁砲,仲直りできないでつっけんどんな態度をとってしまう初春さんに
runaway,暴走した,とある科学の超電磁砲,runaway esper 暴走した能力者を指して
height of summer,真夏、夏本番,とある科学の超電磁砲,
up one's sleeve,1.袖の中にしまった、密かに隠した,とある科学の超電磁砲,ヴィランの悪事を暴くシーン、裏で何をやっていたかもう分かっている
uber,(俗)超、とても,その着せ替え人形は恋をする,uber cute かわたん！超かわいい
as per usual,(口)いつも通り,その着せ替え人形は恋をする,作中では崩してas per uzheと言っていた
goober,(俗)ばか、あほ,その着せ替え人形は恋をする,
dorkus,(俗)ばか、あほ（socially awkward）,その着せ替え人形は恋をする,冗談だってバカ笑の文脈
decal,シール,その着せ替え人形は恋をする,剥がせる壁紙
underclassman,後輩,その着せ替え人形は恋をする,
baggy,(服が)ダボッとした、オーバーサイズの,その着せ替え人形は恋をする,baggy clothes
bonkers,≒crazy 気の狂った,その着せ替え人形は恋をする,
Tell you what,じゃあこうしよう、あのね（提案や強調で使われる）,その着せ替え人形は恋をする,コスプレに立会できないと言われたので、「じゃあ」自分の家で着るねという提案
slice of life,日常系（アニメのジャンル）,その着せ替え人形は恋をする,
pigtails,ツインテール,その着せ替え人形は恋をする,
JK,≒Just kidding,その着せ替え人形は恋をする,
goner,(口)もう助からない人、見込みのない人,その着せ替え人形は恋をする,溺れて死にそうになる場面
maul,手荒に扱う、傷つける、酷評する,Guardian,effort to pass his mauled green investment package バイデンの酷評された脱炭素政策バッケージ
alopecia,脱毛症,Guardian,ウィル・スミス、アカデミー賞2022
BS,≒bull shit,ワンダーエッグ・プライオリティ,
fatso,(俗)(蔑)太った人、デブ,ワンダーエッグ・プライオリティ,
uggo,(俗)(蔑)とても醜い人、ブス、ブサイク,ワンダーエッグ・プライオリティ,
done with ~,～をやめる、終える,ワンダーエッグ・プライオリティ,I'm done with cutting　リスカはやめた
shut-in,ひきこもり、（病気などで）外出できない人,ワンダーエッグ・プライオリティ,
sugar daddy,パパ（パパ活目的の男）,ワンダーエッグ・プライオリティ,
molest,性的ないたずらをする、痴漢する,ワンダーエッグ・プライオリティ,
evanescence,消失、儚さ,ワンダーエッグ・プライオリティ,
liposuction,脂肪吸引,ワンダーエッグ・プライオリティ,
hyaluronic acid,ヒアルロン酸,ワンダーエッグ・プライオリティ,
infirmary,保健室、医務室,ワンダーエッグ・プライオリティ,
spot me,(俗)金貸して,ワンダーエッグ・プライオリティ,
hog,(口)独り占めする,ワンダーエッグ・プライオリティ,
pomander,ポマンダー、香り玉,ワンダーエッグ・プライオリティ,
spite,悪意,ワンダーエッグ・プライオリティ,嫉妬や悪意が彼らの食料
live-in,同棲中の、住み込みの,ワンダーエッグ・プライオリティ,
prayer beads,数珠,ワンダーエッグ・プライオリティ,
wind bag,(俗)(蔑)おしゃべり、中身のないことをまくしたてる人,ワンダーエッグ・プライオリティ,
centipede,ムカデ,ワンダーエッグ・プライオリティ,
goody-two-shoes,いい子ちゃん、優等生（ネガティブな意味で）,ワンダーエッグ・プライオリティ,
Artificial insemination,人工授精,ワンダーエッグ・プライオリティ,
guinea pig,モルモット,ワンダーエッグ・プライオリティ,
what’s-his-name,誰かさん、例の男,ワンダーエッグ・プライオリティ,Doctor what's-his-name ドクターなんとか、
baggage,(話)精神的な負担、悩み,ワンダーエッグ・プライオリティ,you'll have baggageそれを止めたら、あなたは傷つくだろう
cadaver,死体,ワンダーエッグ・プライオリティ,
wet oneself,ちびる,ワンダーエッグ・プライオリティ,
unsullied,汚れなき、純潔な,ワンダーエッグ・プライオリティ,unsullied love
mooch off of,(人に)ねだる、せびる,天気の子,ビール
mistress,愛人,天気の子,
time-honored,由緒ある、昔からの,天気の子,雑誌が
cumulonimbus,積乱雲,天気の子,複数形がcumulonimbi
sardine,イワシ,天気の子,
cold snap,急な寒波,天気の子,
severance pay,退職金,天気の子,
do a 180,ガラッと変わる、180度違うことをする,天気の子,Weather have done a 180 天気が一転して晴れになった文脈
stand trial,裁判をうける、裁判にかけられる,天気の子,
probation,保護観察処分,天気の子,
defibrillator,除細動器、AED,skynews,
morgue,遺体安置所、霊安室,NYT,ウクライナ情勢
coffer,金庫、財源,NYT,天然ガスの支払いがロシアの金庫へと流れる文脈
sacrosanct,極めて神聖な、不可侵の,NYT,ロシアが破ってはいけない神聖な契約を破ってルーブル払いを強制した文脈
convulsion,１.けいれん、２.（社会の）大変革,NYT,中国からのコンテナ物流が停滞した動乱でもアマゾンなどの大手は比較的対処できたと
cook the books,(口)帳簿をごまかす,NYT,
burble,ぶくぶく音を立てる,NYT,ぶくぶく音がなっている、暗室の水槽で～（タコを生物学のモデル生物に使用しようという記事）
white whale,熱望されるも達成が困難なゴール,NYT,共食いやメスが産卵のあと死亡にする性質がタコをモデル生物にするのを困難なもの（white whale）にしてきた文脈
cephalopod,頭足動物（イカ、タコなど）,NYT,
gird,に備える、身構える(for),NYT,girding for a continuation of the war　ロシアが交代したのは戦争の継続に備えるためという文脈
No 10,(イギリス)ダウニング街10番地、イギリス首相官邸の代名詞,Guardian,コロナ禍の状況下で行われた首相官邸でのパーティー
cloistered,世間から離れた、隔離された,Guardian,いかにプーチンほど隔離された指導者といえど戦争の悪いニュースは無視できない
cadre,幹部、小さな集まり,Guardian,a cadre of yes-manイエスマンの集まり
tear one's hair,髪をかきむしる(イライラして),Guardian,部下の働きぶりにプーチンは頭を掻きむしっているかもしれないという文脈
sacking,解雇、解任,Guardian,軍事作戦の間は軍幹部を解任することはしないだろうという文脈
anywhere near,（否定文で）少しも,ネット記事,You don't really have to think anywhere near about~ アンリアルエンジンによって、どの手段を用いるかについて少しも考える必要がなくなるだろうという記事
pariah,１.社会ののけもの、２.パーリア（インドの最下層民）,NYT,pariahdom ロシアが世界からのけ者にされる文脈
wean,離乳させる、離れさせる,NYT,wean the West from Russian energy ロシアの資源から自立させる
cudgel,棍棒,NYT,イーロン・マスクがツイッターを武器としてや、自らの製品の宣伝に使用してきたとする文脈
scaremongering,脅迫≒fear-mongering,NYT,
feckless,１.無駄な、２.無責任な,NYT,ドイツの無責任なロシアとの取引
hold on to,~をつかんではなさない,NYT,支持者をつかんではなさない
pocket-book issue,お金に関する問題、経済的な問題,NYT,移民問題などの触れるのではなく、人々の暮らしなどの身近な問題に触れた
lightning rod,避雷針,NYT,もう一人の極右候補が悪目立ちして避雷針の役割を果たした文脈
firebrand,1.たいまつ、２.扇動者,NYT,極右候補の中でより扇動的な候補の説明
in one's own skin,ありのままの姿で,NYT,極右候補がフレンドリーな様子を見せるようになったという文脈
gambit,(チェス)初めの一手、(交渉などでの)初手,NYT,極右候補が選挙戦で経済の話題に絞ったことは、良い出だしだったという文脈
mind-bending,(口)感覚を麻痺させる、ショッキングな,NYT,ショッキングなほど小さい半導体
GP,(=genral physician) 一般医、総合診療医,Guardian,イギリス政府の当初目標より一般医の数が少ない現状
wholesome,健全な、道徳的な,Twitter,Netflix公式アカウントがはじめてのおつかいを史上最も健全なショーと紹介
kicker,(話)落とし穴、思いがけない結末,PCWorld,WiFi7では320MHzが使えるという話題の後に、しかし落とし穴は（the kicker is…）320MHzでの通信は常にできるわけではないと述べる文脈
vertigo,めまい、ぐるぐる回るような眩暈,PCWorld,再生した動画が読み込み中…になる状態を比喩して
bonanza,思いがけない幸運、大当たり,NYT,低失業率の労働市場を指して
dive,バー、居酒屋,NYT,
pool table,ビリヤードテーブル,NYT,バーの描写
second fiddle,脇役,NYT,second fiddlle to casual conversation バーが人々の気軽な会話の脇役となっている文脈
dour,不機嫌な、むっつりした,NYT,ネガティブな(dour)な経済見通しに関する世論調査とは裏腹に、順調な失業率の文脈
two-pronged,二又の,NYT,ロシアの戦略は大きく分けて二つ挙げられる文脈
pummel,こぶしで殴る,NYT,ロシアの攻撃
in a nod to,～を考慮して、～を踏まえて,NYT,テキストから画像を生成するDALL-Eの名前はディズニー映画のウォーリーと画家のダリをかけて（考慮して）命名されたもの
wheelbarrow,手押し車、土砂を運ぶような一輪車,NYT,ウクライナ、遺体を運ぶ描写
coroner,検死官、検察医,NYT,ウクライナ
contusion,挫傷、打撲、あざ,NYT,遺体に見られる挫傷から拷問の疑いがある文脈
apportion,分配する,Wikipedia,周波数を配分する
recuse,(不適格だと)辞退する、忌避する,Wikipedia,recused himself from 自らが編集委員を務める雑誌に論文を出したさいに、査読から外れる文脈
off the wall,突拍子もない、型破りな,ネット記事,